letter,startPosition,endPosition,timing,direction,blueMotionType,blueRotationDirection,blueSkewDir,blueStartLocation,blueEndLocation,redMotionType,redRotationDirection,redSkewDir,redStartLocation,redEndLocation,category
A,alpha3,eta9,split,same,pro,cw,+,w,ne,pro,cw,+,e,n,1
A,alpha3,zeta15,split,same,pro,cw,+,w,ne,pro,cw,-,e,w,1
A,alpha3,eta1,split,same,pro,cw,-,w,nw,pro,cw,+,e,n,1
A,alpha3,eta15,split,same,pro,cw,-,w,nw,pro,cw,-,e,w,1
A,alpha5,zeta9,split,same,pro,cw,+,n,se,pro,cw,+,s,n,1
A,alpha5,zeta7,split,same,pro,cw,+,n,se,pro,cw,-,s,w,1
A,alpha5,eta9,split,same,pro,cw,-,n,ne,pro,cw,+,s,n,1
A,alpha5,zeta15,split,same,pro,cw,-,n,ne,pro,cw,-,s,w,1
A,alpha7,zeta1,split,same,pro,cw,+,e,sw,pro,cw,+,w,n,1
A,alpha7,eta7,split,same,pro,cw,+,e,sw,pro,cw,-,w,w,1
A,alpha7,zeta9,split,same,pro,cw,-,e,se,pro,cw,+,w,n,1
A,alpha7,zeta7,split,same,pro,cw,-,e,se,pro,cw,-,w,w,1
A,alpha1,eta1,split,same,pro,cw,+,s,nw,pro,cw,+,n,n,1
A,alpha1,eta15,split,same,pro,cw,+,s,nw,pro,cw,-,n,w,1
A,alpha1,zeta1,split,same,pro,cw,-,s,sw,pro,cw,+,n,n,1
A,alpha1,eta7,split,same,pro,cw,-,s,sw,pro,cw,-,n,w,1
A,alpha7,eta9,split,same,pro,ccw,+,e,ne,pro,ccw,+,w,n,1
A,alpha7,zeta15,split,same,pro,ccw,+,e,ne,pro,ccw,-,w,w,1
A,alpha7,eta1,split,same,pro,ccw,-,e,nw,pro,ccw,+,w,n,1
A,alpha7,eta15,split,same,pro,ccw,-,e,nw,pro,ccw,-,w,w,1
A,alpha1,zeta9,split,same,pro,ccw,+,s,se,pro,ccw,+,n,n,1
A,alpha1,zeta7,split,same,pro,ccw,+,s,se,pro,ccw,-,n,w,1
A,alpha1,eta9,split,same,pro,ccw,-,s,ne,pro,ccw,+,n,n,1
A,alpha1,zeta15,split,same,pro,ccw,-,s,ne,pro,ccw,-,n,w,1
A,alpha5,eta1,split,same,pro,ccw,+,n,nw,pro,ccw,+,s,n,1
A,alpha5,eta15,split,same,pro,ccw,+,n,nw,pro,ccw,-,s,w,1
A,alpha5,zeta1,split,same,pro,ccw,-,n,sw,pro,ccw,+,s,n,1
A,alpha5,eta7,split,same,pro,ccw,-,n,sw,pro,ccw,-,s,w,1
A,alpha3,zeta1,split,same,pro,ccw,+,w,sw,pro,ccw,+,e,n,1
A,alpha3,eta7,split,same,pro,ccw,+,w,sw,pro,ccw,-,e,w,1
A,alpha3,zeta9,split,same,pro,ccw,-,w,se,pro,ccw,+,e,n,1
A,alpha3,zeta7,split,same,pro,ccw,-,w,se,pro,ccw,-,e,w,1
B,alpha3,eta9,split,same,anti,ccw,+,w,ne,anti,ccw,+,e,n,1
B,alpha3,zeta15,split,same,anti,ccw,+,w,ne,anti,ccw,-,e,w,1
B,alpha3,eta1,split,same,anti,ccw,-,w,nw,anti,ccw,+,e,n,1
B,alpha3,eta15,split,same,anti,ccw,-,w,nw,anti,ccw,-,e,w,1
B,alpha5,zeta9,split,same,anti,ccw,+,n,se,anti,ccw,+,s,n,1
B,alpha5,zeta7,split,same,anti,ccw,+,n,se,anti,ccw,-,s,w,1
B,alpha5,eta9,split,same,anti,ccw,-,n,ne,anti,ccw,+,s,n,1
B,alpha5,zeta15,split,same,anti,ccw,-,n,ne,anti,ccw,-,s,w,1
B,alpha7,zeta1,split,same,anti,ccw,+,e,sw,anti,ccw,+,w,n,1
B,alpha7,eta7,split,same,anti,ccw,+,e,sw,anti,ccw,-,w,w,1
B,alpha7,zeta9,split,same,anti,ccw,-,e,se,anti,ccw,+,w,n,1
B,alpha7,zeta7,split,same,anti,ccw,-,e,se,anti,ccw,-,w,w,1
B,alpha1,eta1,split,same,anti,ccw,+,s,nw,anti,ccw,+,n,n,1
B,alpha1,eta15,split,same,anti,ccw,+,s,nw,anti,ccw,-,n,w,1
B,alpha1,zeta1,split,same,anti,ccw,-,s,sw,anti,ccw,+,n,n,1
B,alpha1,eta7,split,same,anti,ccw,-,s,sw,anti,ccw,-,n,w,1
B,alpha7,eta9,split,same,anti,cw,+,e,ne,anti,cw,+,w,n,1
B,alpha7,zeta15,split,same,anti,cw,+,e,ne,anti,cw,-,w,w,1
B,alpha7,eta1,split,same,anti,cw,-,e,nw,anti,cw,+,w,n,1
B,alpha7,eta15,split,same,anti,cw,-,e,nw,anti,cw,-,w,w,1
B,alpha1,zeta9,split,same,anti,cw,+,s,se,anti,cw,+,n,n,1
B,alpha1,zeta7,split,same,anti,cw,+,s,se,anti,cw,-,n,w,1
B,alpha1,eta9,split,same,anti,cw,-,s,ne,anti,cw,+,n,n,1
B,alpha1,zeta15,split,same,anti,cw,-,s,ne,anti,cw,-,n,w,1
B,alpha5,eta1,split,same,anti,cw,+,n,nw,anti,cw,+,s,n,1
B,alpha5,eta15,split,same,anti,cw,+,n,nw,anti,cw,-,s,w,1
B,alpha5,zeta1,split,same,anti,cw,-,n,sw,anti,cw,+,s,n,1
B,alpha5,eta7,split,same,anti,cw,-,n,sw,anti,cw,-,s,w,1
B,alpha3,zeta1,split,same,anti,cw,+,w,sw,anti,cw,+,e,n,1
B,alpha3,eta7,split,same,anti,cw,+,w,sw,anti,cw,-,e,w,1
B,alpha3,zeta9,split,same,anti,cw,-,w,se,anti,cw,+,e,n,1
B,alpha3,zeta7,split,same,anti,cw,-,w,se,anti,cw,-,e,w,1
C,alpha3,eta9,split,same,anti,ccw,+,w,ne,pro,cw,+,e,n,1
C,alpha3,zeta15,split,same,anti,ccw,+,w,ne,pro,cw,-,e,w,1
C,alpha3,eta1,split,same,anti,ccw,-,w,nw,pro,cw,+,e,n,1
C,alpha3,eta15,split,same,anti,ccw,-,w,nw,pro,cw,-,e,w,1
C,alpha5,zeta9,split,same,anti,ccw,+,n,se,pro,cw,+,s,n,1
C,alpha5,zeta7,split,same,anti,ccw,+,n,se,pro,cw,-,s,w,1
C,alpha5,eta9,split,same,anti,ccw,-,n,ne,pro,cw,+,s,n,1
C,alpha5,zeta15,split,same,anti,ccw,-,n,ne,pro,cw,-,s,w,1
C,alpha7,zeta1,split,same,anti,ccw,+,e,sw,pro,cw,+,w,n,1
C,alpha7,eta7,split,same,anti,ccw,+,e,sw,pro,cw,-,w,w,1
C,alpha7,zeta9,split,same,anti,ccw,-,e,se,pro,cw,+,w,n,1
C,alpha7,zeta7,split,same,anti,ccw,-,e,se,pro,cw,-,w,w,1
C,alpha1,eta1,split,same,anti,ccw,+,s,nw,pro,cw,+,n,n,1
C,alpha1,eta15,split,same,anti,ccw,+,s,nw,pro,cw,-,n,w,1
C,alpha1,zeta1,split,same,anti,ccw,-,s,sw,pro,cw,+,n,n,1
C,alpha1,eta7,split,same,anti,ccw,-,s,sw,pro,cw,-,n,w,1
C,alpha7,eta9,split,same,anti,cw,+,e,ne,pro,ccw,+,w,n,1
C,alpha7,zeta15,split,same,anti,cw,+,e,ne,pro,ccw,-,w,w,1
C,alpha7,eta1,split,same,anti,cw,-,e,nw,pro,ccw,+,w,n,1
C,alpha7,eta15,split,same,anti,cw,-,e,nw,pro,ccw,-,w,w,1
C,alpha1,zeta9,split,same,anti,cw,+,s,se,pro,ccw,+,n,n,1
C,alpha1,zeta7,split,same,anti,cw,+,s,se,pro,ccw,-,n,w,1
C,alpha1,eta9,split,same,anti,cw,-,s,ne,pro,ccw,+,n,n,1
C,alpha1,zeta15,split,same,anti,cw,-,s,ne,pro,ccw,-,n,w,1
C,alpha5,eta1,split,same,anti,cw,+,n,nw,pro,ccw,+,s,n,1
C,alpha5,eta15,split,same,anti,cw,+,n,nw,pro,ccw,-,s,w,1
C,alpha5,zeta1,split,same,anti,cw,-,n,sw,pro,ccw,+,s,n,1
C,alpha5,eta7,split,same,anti,cw,-,n,sw,pro,ccw,-,s,w,1
C,alpha3,zeta1,split,same,anti,cw,+,w,sw,pro,ccw,+,e,n,1
C,alpha3,eta7,split,same,anti,cw,+,w,sw,pro,ccw,-,e,w,1
C,alpha3,zeta9,split,same,anti,cw,-,w,se,pro,ccw,+,e,n,1
C,alpha3,zeta7,split,same,anti,cw,-,w,se,pro,ccw,-,e,w,1
C,alpha3,eta9,split,same,pro,cw,+,w,ne,anti,ccw,+,e,n,1
C,alpha3,zeta15,split,same,pro,cw,+,w,ne,anti,ccw,-,e,w,1
C,alpha3,eta1,split,same,pro,cw,-,w,nw,anti,ccw,+,e,n,1
C,alpha3,eta15,split,same,pro,cw,-,w,nw,anti,ccw,-,e,w,1
C,alpha5,zeta9,split,same,pro,cw,+,n,se,anti,ccw,+,s,n,1
C,alpha5,zeta7,split,same,pro,cw,+,n,se,anti,ccw,-,s,w,1
C,alpha5,eta9,split,same,pro,cw,-,n,ne,anti,ccw,+,s,n,1
C,alpha5,zeta15,split,same,pro,cw,-,n,ne,anti,ccw,-,s,w,1
C,alpha7,zeta1,split,same,pro,cw,+,e,sw,anti,ccw,+,w,n,1
C,alpha7,eta7,split,same,pro,cw,+,e,sw,anti,ccw,-,w,w,1
C,alpha7,zeta9,split,same,pro,cw,-,e,se,anti,ccw,+,w,n,1
C,alpha7,zeta7,split,same,pro,cw,-,e,se,anti,ccw,-,w,w,1
C,alpha1,eta1,split,same,pro,cw,+,s,nw,anti,ccw,+,n,n,1
C,alpha1,eta15,split,same,pro,cw,+,s,nw,anti,ccw,-,n,w,1
C,alpha1,zeta1,split,same,pro,cw,-,s,sw,anti,ccw,+,n,n,1
C,alpha1,eta7,split,same,pro,cw,-,s,sw,anti,ccw,-,n,w,1
C,alpha7,eta9,split,same,pro,ccw,+,e,ne,anti,cw,+,w,n,1
C,alpha7,zeta15,split,same,pro,ccw,+,e,ne,anti,cw,-,w,w,1
C,alpha7,eta1,split,same,pro,ccw,-,e,nw,anti,cw,+,w,n,1
C,alpha7,eta15,split,same,pro,ccw,-,e,nw,anti,cw,-,w,w,1
C,alpha1,zeta9,split,same,pro,ccw,+,s,se,anti,cw,+,n,n,1
C,alpha1,zeta7,split,same,pro,ccw,+,s,se,anti,cw,-,n,w,1
C,alpha1,eta9,split,same,pro,ccw,-,s,ne,anti,cw,+,n,n,1
C,alpha1,zeta15,split,same,pro,ccw,-,s,ne,anti,cw,-,n,w,1
C,alpha5,eta1,split,same,pro,ccw,+,n,nw,anti,cw,+,s,n,1
C,alpha5,eta15,split,same,pro,ccw,+,n,nw,anti,cw,-,s,w,1
C,alpha5,zeta1,split,same,pro,ccw,-,n,sw,anti,cw,+,s,n,1
C,alpha5,eta7,split,same,pro,ccw,-,n,sw,anti,cw,-,s,w,1
C,alpha3,zeta1,split,same,pro,ccw,+,w,sw,anti,cw,+,e,n,1
C,alpha3,eta7,split,same,pro,ccw,+,w,sw,anti,cw,-,e,w,1
C,alpha3,zeta9,split,same,pro,ccw,-,w,se,anti,cw,+,e,n,1
C,alpha3,zeta7,split,same,pro,ccw,-,w,se,anti,cw,-,e,w,1
D,beta3,eta9,split,opp,pro,ccw,+,e,ne,pro,cw,+,e,n,1
D,beta3,zeta15,split,opp,pro,ccw,+,e,ne,pro,cw,-,e,w,1
D,beta3,eta1,split,opp,pro,ccw,-,e,nw,pro,cw,+,e,n,1
D,beta3,eta15,split,opp,pro,ccw,-,e,nw,pro,cw,-,e,w,1
D,beta5,zeta9,tog,opp,pro,ccw,+,s,se,pro,cw,+,s,n,1
D,beta5,zeta7,tog,opp,pro,ccw,+,s,se,pro,cw,-,s,w,1
D,beta5,eta9,tog,opp,pro,ccw,-,s,ne,pro,cw,+,s,n,1
D,beta5,zeta15,tog,opp,pro,ccw,-,s,ne,pro,cw,-,s,w,1
D,beta7,zeta1,split,opp,pro,ccw,+,w,sw,pro,cw,+,w,n,1
D,beta7,eta7,split,opp,pro,ccw,+,w,sw,pro,cw,-,w,w,1
D,beta7,zeta9,split,opp,pro,ccw,-,w,se,pro,cw,+,w,n,1
D,beta7,zeta7,split,opp,pro,ccw,-,w,se,pro,cw,-,w,w,1
D,beta1,eta1,tog,opp,pro,ccw,+,n,nw,pro,cw,+,n,n,1
D,beta1,eta15,tog,opp,pro,ccw,+,n,nw,pro,cw,-,n,w,1
D,beta1,zeta1,tog,opp,pro,ccw,-,n,sw,pro,cw,+,n,n,1
D,beta1,eta7,tog,opp,pro,ccw,-,n,sw,pro,cw,-,n,w,1
D,beta7,eta9,split,opp,pro,cw,+,w,ne,pro,ccw,+,w,n,1
D,beta7,zeta15,split,opp,pro,cw,+,w,ne,pro,ccw,-,w,w,1
D,beta7,eta1,split,opp,pro,cw,-,w,nw,pro,ccw,+,w,n,1
D,beta7,eta15,split,opp,pro,cw,-,w,nw,pro,ccw,-,w,w,1
D,beta1,zeta9,tog,opp,pro,cw,+,n,se,pro,ccw,+,n,n,1
D,beta1,zeta7,tog,opp,pro,cw,+,n,se,pro,ccw,-,n,w,1
D,beta1,eta9,tog,opp,pro,cw,-,n,ne,pro,ccw,+,n,n,1
D,beta1,zeta15,tog,opp,pro,cw,-,n,ne,pro,ccw,-,n,w,1
D,beta5,eta1,tog,opp,pro,cw,+,s,nw,pro,ccw,+,s,n,1
D,beta5,eta15,tog,opp,pro,cw,+,s,nw,pro,ccw,-,s,w,1
D,beta5,zeta1,tog,opp,pro,cw,-,s,sw,pro,ccw,+,s,n,1
D,beta5,eta7,tog,opp,pro,cw,-,s,sw,pro,ccw,-,s,w,1
D,beta3,zeta1,split,opp,pro,cw,+,e,sw,pro,ccw,+,e,n,1
D,beta3,eta7,split,opp,pro,cw,+,e,sw,pro,ccw,-,e,w,1
D,beta3,zeta9,split,opp,pro,cw,-,e,se,pro,ccw,+,e,n,1
D,beta3,zeta7,split,opp,pro,cw,-,e,se,pro,ccw,-,e,w,1
E,beta3,eta9,split,opp,anti,cw,+,e,ne,anti,ccw,+,e,n,1
E,beta3,zeta15,split,opp,anti,cw,+,e,ne,anti,ccw,-,e,w,1
E,beta3,eta1,split,opp,anti,cw,-,e,nw,anti,ccw,+,e,n,1
E,beta3,eta15,split,opp,anti,cw,-,e,nw,anti,ccw,-,e,w,1
E,beta5,zeta9,tog,opp,anti,cw,+,s,se,anti,ccw,+,s,n,1
E,beta5,zeta7,tog,opp,anti,cw,+,s,se,anti,ccw,-,s,w,1
E,beta5,eta9,tog,opp,anti,cw,-,s,ne,anti,ccw,+,s,n,1
E,beta5,zeta15,tog,opp,anti,cw,-,s,ne,anti,ccw,-,s,w,1
E,beta7,zeta1,split,opp,anti,cw,+,w,sw,anti,ccw,+,w,n,1
E,beta7,eta7,split,opp,anti,cw,+,w,sw,anti,ccw,-,w,w,1
E,beta7,zeta9,split,opp,anti,cw,-,w,se,anti,ccw,+,w,n,1
E,beta7,zeta7,split,opp,anti,cw,-,w,se,anti,ccw,-,w,w,1
E,beta1,eta1,tog,opp,anti,cw,+,n,nw,anti,ccw,+,n,n,1
E,beta1,eta15,tog,opp,anti,cw,+,n,nw,anti,ccw,-,n,w,1
E,beta1,zeta1,tog,opp,anti,cw,-,n,sw,anti,ccw,+,n,n,1
E,beta1,eta7,tog,opp,anti,cw,-,n,sw,anti,ccw,-,n,w,1
E,beta7,eta9,split,opp,anti,ccw,+,w,ne,anti,cw,+,w,n,1
E,beta7,zeta15,split,opp,anti,ccw,+,w,ne,anti,cw,-,w,w,1
E,beta7,eta1,split,opp,anti,ccw,-,w,nw,anti,cw,+,w,n,1
E,beta7,eta15,split,opp,anti,ccw,-,w,nw,anti,cw,-,w,w,1
E,beta1,zeta9,tog,opp,anti,ccw,+,n,se,anti,cw,+,n,n,1
E,beta1,zeta7,tog,opp,anti,ccw,+,n,se,anti,cw,-,n,w,1
E,beta1,eta9,tog,opp,anti,ccw,-,n,ne,anti,cw,+,n,n,1
E,beta1,zeta15,tog,opp,anti,ccw,-,n,ne,anti,cw,-,n,w,1
E,beta5,eta1,tog,opp,anti,ccw,+,s,nw,anti,cw,+,s,n,1
E,beta5,eta15,tog,opp,anti,ccw,+,s,nw,anti,cw,-,s,w,1
E,beta5,zeta1,tog,opp,anti,ccw,-,s,sw,anti,cw,+,s,n,1
E,beta5,eta7,tog,opp,anti,ccw,-,s,sw,anti,cw,-,s,w,1
E,beta3,zeta1,split,opp,anti,ccw,+,e,sw,anti,cw,+,e,n,1
E,beta3,eta7,split,opp,anti,ccw,+,e,sw,anti,cw,-,e,w,1
E,beta3,zeta9,split,opp,anti,ccw,-,e,se,anti,cw,+,e,n,1
E,beta3,zeta7,split,opp,anti,ccw,-,e,se,anti,cw,-,e,w,1
F,beta3,eta9,split,opp,anti,cw,+,e,ne,pro,cw,+,e,n,1
F,beta3,zeta15,split,opp,anti,cw,+,e,ne,pro,cw,-,e,w,1
F,beta3,eta1,split,opp,anti,cw,-,e,nw,pro,cw,+,e,n,1
F,beta3,eta15,split,opp,anti,cw,-,e,nw,pro,cw,-,e,w,1
F,beta5,zeta9,tog,opp,anti,cw,+,s,se,pro,cw,+,s,n,1
F,beta5,zeta7,tog,opp,anti,cw,+,s,se,pro,cw,-,s,w,1
F,beta5,eta9,tog,opp,anti,cw,-,s,ne,pro,cw,+,s,n,1
F,beta5,zeta15,tog,opp,anti,cw,-,s,ne,pro,cw,-,s,w,1
F,beta7,zeta1,split,opp,anti,cw,+,w,sw,pro,cw,+,w,n,1
F,beta7,eta7,split,opp,anti,cw,+,w,sw,pro,cw,-,w,w,1
F,beta7,zeta9,split,opp,anti,cw,-,w,se,pro,cw,+,w,n,1
F,beta7,zeta7,split,opp,anti,cw,-,w,se,pro,cw,-,w,w,1
F,beta1,eta1,tog,opp,anti,cw,+,n,nw,pro,cw,+,n,n,1
F,beta1,eta15,tog,opp,anti,cw,+,n,nw,pro,cw,-,n,w,1
F,beta1,zeta1,tog,opp,anti,cw,-,n,sw,pro,cw,+,n,n,1
F,beta1,eta7,tog,opp,anti,cw,-,n,sw,pro,cw,-,n,w,1
F,beta7,eta9,split,opp,anti,ccw,+,w,ne,pro,ccw,+,w,n,1
F,beta7,zeta15,split,opp,anti,ccw,+,w,ne,pro,ccw,-,w,w,1
F,beta7,eta1,split,opp,anti,ccw,-,w,nw,pro,ccw,+,w,n,1
F,beta7,eta15,split,opp,anti,ccw,-,w,nw,pro,ccw,-,w,w,1
F,beta1,zeta9,tog,opp,anti,ccw,+,n,se,pro,ccw,+,n,n,1
F,beta1,zeta7,tog,opp,anti,ccw,+,n,se,pro,ccw,-,n,w,1
F,beta1,eta9,tog,opp,anti,ccw,-,n,ne,pro,ccw,+,n,n,1
F,beta1,zeta15,tog,opp,anti,ccw,-,n,ne,pro,ccw,-,n,w,1
F,beta5,eta1,tog,opp,anti,ccw,+,s,nw,pro,ccw,+,s,n,1
F,beta5,eta15,tog,opp,anti,ccw,+,s,nw,pro,ccw,-,s,w,1
F,beta5,zeta1,tog,opp,anti,ccw,-,s,sw,pro,ccw,+,s,n,1
F,beta5,eta7,tog,opp,anti,ccw,-,s,sw,pro,ccw,-,s,w,1
F,beta3,zeta1,split,opp,anti,ccw,+,e,sw,pro,ccw,+,e,n,1
F,beta3,eta7,split,opp,anti,ccw,+,e,sw,pro,ccw,-,e,w,1
F,beta3,zeta9,split,opp,anti,ccw,-,e,se,pro,ccw,+,e,n,1
F,beta3,zeta7,split,opp,anti,ccw,-,e,se,pro,ccw,-,e,w,1
F,beta3,eta9,split,opp,pro,ccw,+,e,ne,anti,ccw,+,e,n,1
F,beta3,zeta15,split,opp,pro,ccw,+,e,ne,anti,ccw,-,e,w,1
F,beta3,eta1,split,opp,pro,ccw,-,e,nw,anti,ccw,+,e,n,1
F,beta3,eta15,split,opp,pro,ccw,-,e,nw,anti,ccw,-,e,w,1
F,beta5,zeta9,tog,opp,pro,ccw,+,s,se,anti,ccw,+,s,n,1
F,beta5,zeta7,tog,opp,pro,ccw,+,s,se,anti,ccw,-,s,w,1
F,beta5,eta9,tog,opp,pro,ccw,-,s,ne,anti,ccw,+,s,n,1
F,beta5,zeta15,tog,opp,pro,ccw,-,s,ne,anti,ccw,-,s,w,1
F,beta7,zeta1,split,opp,pro,ccw,+,w,sw,anti,ccw,+,w,n,1
F,beta7,eta7,split,opp,pro,ccw,+,w,sw,anti,ccw,-,w,w,1
F,beta7,zeta9,split,opp,pro,ccw,-,w,se,anti,ccw,+,w,n,1
F,beta7,zeta7,split,opp,pro,ccw,-,w,se,anti,ccw,-,w,w,1
F,beta1,eta1,tog,opp,pro,ccw,+,n,nw,anti,ccw,+,n,n,1
F,beta1,eta15,tog,opp,pro,ccw,+,n,nw,anti,ccw,-,n,w,1
F,beta1,zeta1,tog,opp,pro,ccw,-,n,sw,anti,ccw,+,n,n,1
F,beta1,eta7,tog,opp,pro,ccw,-,n,sw,anti,ccw,-,n,w,1
F,beta7,eta9,split,opp,pro,cw,+,w,ne,anti,cw,+,w,n,1
F,beta7,zeta15,split,opp,pro,cw,+,w,ne,anti,cw,-,w,w,1
F,beta7,eta1,split,opp,pro,cw,-,w,nw,anti,cw,+,w,n,1
F,beta7,eta15,split,opp,pro,cw,-,w,nw,anti,cw,-,w,w,1
F,beta1,zeta9,tog,opp,pro,cw,+,n,se,anti,cw,+,n,n,1
F,beta1,zeta7,tog,opp,pro,cw,+,n,se,anti,cw,-,n,w,1
F,beta1,eta9,tog,opp,pro,cw,-,n,ne,anti,cw,+,n,n,1
F,beta1,zeta15,tog,opp,pro,cw,-,n,ne,anti,cw,-,n,w,1
F,beta5,eta1,tog,opp,pro,cw,+,s,nw,anti,cw,+,s,n,1
F,beta5,eta15,tog,opp,pro,cw,+,s,nw,anti,cw,-,s,w,1
F,beta5,zeta1,tog,opp,pro,cw,-,s,sw,anti,cw,+,s,n,1
F,beta5,eta7,tog,opp,pro,cw,-,s,sw,anti,cw,-,s,w,1
F,beta3,zeta1,split,opp,pro,cw,+,e,sw,anti,cw,+,e,n,1
F,beta3,eta7,split,opp,pro,cw,+,e,sw,anti,cw,-,e,w,1
F,beta3,zeta9,split,opp,pro,cw,-,e,se,anti,cw,+,e,n,1
F,beta3,zeta7,split,opp,pro,cw,-,e,se,anti,cw,-,e,w,1
G,beta3,zeta1,tog,same,pro,cw,+,e,sw,pro,cw,+,e,n,1
G,beta3,eta7,tog,same,pro,cw,+,e,sw,pro,cw,-,e,w,1
G,beta3,zeta9,tog,same,pro,cw,-,e,se,pro,cw,+,e,n,1
G,beta3,zeta7,tog,same,pro,cw,-,e,se,pro,cw,-,e,w,1
G,beta5,eta1,tog,same,pro,cw,+,s,nw,pro,cw,+,s,n,1
G,beta5,eta15,tog,same,pro,cw,+,s,nw,pro,cw,-,s,w,1
G,beta5,zeta1,tog,same,pro,cw,-,s,sw,pro,cw,+,s,n,1
G,beta5,eta7,tog,same,pro,cw,-,s,sw,pro,cw,-,s,w,1
G,beta7,eta9,tog,same,pro,cw,+,w,ne,pro,cw,+,w,n,1
G,beta7,zeta15,tog,same,pro,cw,+,w,ne,pro,cw,-,w,w,1
G,beta7,eta1,tog,same,pro,cw,-,w,nw,pro,cw,+,w,n,1
G,beta7,eta15,tog,same,pro,cw,-,w,nw,pro,cw,-,w,w,1
G,beta1,zeta9,tog,same,pro,cw,+,n,se,pro,cw,+,n,n,1
G,beta1,zeta7,tog,same,pro,cw,+,n,se,pro,cw,-,n,w,1
G,beta1,eta9,tog,same,pro,cw,-,n,ne,pro,cw,+,n,n,1
G,beta1,zeta15,tog,same,pro,cw,-,n,ne,pro,cw,-,n,w,1
G,beta7,zeta1,tog,same,pro,ccw,+,w,sw,pro,ccw,+,w,n,1
G,beta7,eta7,tog,same,pro,ccw,+,w,sw,pro,ccw,-,w,w,1
G,beta7,zeta9,tog,same,pro,ccw,-,w,se,pro,ccw,+,w,n,1
G,beta7,zeta7,tog,same,pro,ccw,-,w,se,pro,ccw,-,w,w,1
G,beta1,eta1,tog,same,pro,ccw,+,n,nw,pro,ccw,+,n,n,1
G,beta1,eta15,tog,same,pro,ccw,+,n,nw,pro,ccw,-,n,w,1
G,beta1,zeta1,tog,same,pro,ccw,-,n,sw,pro,ccw,+,n,n,1
G,beta1,eta7,tog,same,pro,ccw,-,n,sw,pro,ccw,-,n,w,1
G,beta5,zeta9,tog,same,pro,ccw,+,s,se,pro,ccw,+,s,n,1
G,beta5,zeta7,tog,same,pro,ccw,+,s,se,pro,ccw,-,s,w,1
G,beta5,eta9,tog,same,pro,ccw,-,s,ne,pro,ccw,+,s,n,1
G,beta5,zeta15,tog,same,pro,ccw,-,s,ne,pro,ccw,-,s,w,1
G,beta3,eta9,tog,same,pro,ccw,+,e,ne,pro,ccw,+,e,n,1
G,beta3,zeta15,tog,same,pro,ccw,+,e,ne,pro,ccw,-,e,w,1
G,beta3,eta1,tog,same,pro,ccw,-,e,nw,pro,ccw,+,e,n,1
G,beta3,eta15,tog,same,pro,ccw,-,e,nw,pro,ccw,-,e,w,1
H,beta3,zeta1,tog,same,anti,ccw,+,e,sw,anti,ccw,+,e,n,1
H,beta3,eta7,tog,same,anti,ccw,+,e,sw,anti,ccw,-,e,w,1
H,beta3,zeta9,tog,same,anti,ccw,-,e,se,anti,ccw,+,e,n,1
H,beta3,zeta7,tog,same,anti,ccw,-,e,se,anti,ccw,-,e,w,1
H,beta5,eta1,tog,same,anti,ccw,+,s,nw,anti,ccw,+,s,n,1
H,beta5,eta15,tog,same,anti,ccw,+,s,nw,anti,ccw,-,s,w,1
H,beta5,zeta1,tog,same,anti,ccw,-,s,sw,anti,ccw,+,s,n,1
H,beta5,eta7,tog,same,anti,ccw,-,s,sw,anti,ccw,-,s,w,1
H,beta7,eta9,tog,same,anti,ccw,+,w,ne,anti,ccw,+,w,n,1
H,beta7,zeta15,tog,same,anti,ccw,+,w,ne,anti,ccw,-,w,w,1
H,beta7,eta1,tog,same,anti,ccw,-,w,nw,anti,ccw,+,w,n,1
H,beta7,eta15,tog,same,anti,ccw,-,w,nw,anti,ccw,-,w,w,1
H,beta1,zeta9,tog,same,anti,ccw,+,n,se,anti,ccw,+,n,n,1
H,beta1,zeta7,tog,same,anti,ccw,+,n,se,anti,ccw,-,n,w,1
H,beta1,eta9,tog,same,anti,ccw,-,n,ne,anti,ccw,+,n,n,1
H,beta1,zeta15,tog,same,anti,ccw,-,n,ne,anti,ccw,-,n,w,1
H,beta7,zeta1,tog,same,anti,cw,+,w,sw,anti,cw,+,w,n,1
H,beta7,eta7,tog,same,anti,cw,+,w,sw,anti,cw,-,w,w,1
H,beta7,zeta9,tog,same,anti,cw,-,w,se,anti,cw,+,w,n,1
H,beta7,zeta7,tog,same,anti,cw,-,w,se,anti,cw,-,w,w,1
H,beta1,eta1,tog,same,anti,cw,+,n,nw,anti,cw,+,n,n,1
H,beta1,eta15,tog,same,anti,cw,+,n,nw,anti,cw,-,n,w,1
H,beta1,zeta1,tog,same,anti,cw,-,n,sw,anti,cw,+,n,n,1
H,beta1,eta7,tog,same,anti,cw,-,n,sw,anti,cw,-,n,w,1
H,beta5,zeta9,tog,same,anti,cw,+,s,se,anti,cw,+,s,n,1
H,beta5,zeta7,tog,same,anti,cw,+,s,se,anti,cw,-,s,w,1
H,beta5,eta9,tog,same,anti,cw,-,s,ne,anti,cw,+,s,n,1
H,beta5,zeta15,tog,same,anti,cw,-,s,ne,anti,cw,-,s,w,1
H,beta3,eta9,tog,same,anti,cw,+,e,ne,anti,cw,+,e,n,1
H,beta3,zeta15,tog,same,anti,cw,+,e,ne,anti,cw,-,e,w,1
H,beta3,eta1,tog,same,anti,cw,-,e,nw,anti,cw,+,e,n,1
H,beta3,eta15,tog,same,anti,cw,-,e,nw,anti,cw,-,e,w,1
I,beta3,zeta1,tog,same,anti,ccw,+,e,sw,pro,cw,+,e,n,1
I,beta3,eta7,tog,same,anti,ccw,+,e,sw,pro,cw,-,e,w,1
I,beta3,zeta9,tog,same,anti,ccw,-,e,se,pro,cw,+,e,n,1
I,beta3,zeta7,tog,same,anti,ccw,-,e,se,pro,cw,-,e,w,1
I,beta5,eta1,tog,same,anti,ccw,+,s,nw,pro,cw,+,s,n,1
I,beta5,eta15,tog,same,anti,ccw,+,s,nw,pro,cw,-,s,w,1
I,beta5,zeta1,tog,same,anti,ccw,-,s,sw,pro,cw,+,s,n,1
I,beta5,eta7,tog,same,anti,ccw,-,s,sw,pro,cw,-,s,w,1
I,beta7,eta9,tog,same,anti,ccw,+,w,ne,pro,cw,+,w,n,1
I,beta7,zeta15,tog,same,anti,ccw,+,w,ne,pro,cw,-,w,w,1
I,beta7,eta1,tog,same,anti,ccw,-,w,nw,pro,cw,+,w,n,1
I,beta7,eta15,tog,same,anti,ccw,-,w,nw,pro,cw,-,w,w,1
I,beta1,zeta9,tog,same,anti,ccw,+,n,se,pro,cw,+,n,n,1
I,beta1,zeta7,tog,same,anti,ccw,+,n,se,pro,cw,-,n,w,1
I,beta1,eta9,tog,same,anti,ccw,-,n,ne,pro,cw,+,n,n,1
I,beta1,zeta15,tog,same,anti,ccw,-,n,ne,pro,cw,-,n,w,1
I,beta7,zeta1,tog,same,anti,cw,+,w,sw,pro,ccw,+,w,n,1
I,beta7,eta7,tog,same,anti,cw,+,w,sw,pro,ccw,-,w,w,1
I,beta7,zeta9,tog,same,anti,cw,-,w,se,pro,ccw,+,w,n,1
I,beta7,zeta7,tog,same,anti,cw,-,w,se,pro,ccw,-,w,w,1
I,beta1,eta1,tog,same,anti,cw,+,n,nw,pro,ccw,+,n,n,1
I,beta1,eta15,tog,same,anti,cw,+,n,nw,pro,ccw,-,n,w,1
I,beta1,zeta1,tog,same,anti,cw,-,n,sw,pro,ccw,+,n,n,1
I,beta1,eta7,tog,same,anti,cw,-,n,sw,pro,ccw,-,n,w,1
I,beta5,zeta9,tog,same,anti,cw,+,s,se,pro,ccw,+,s,n,1
I,beta5,zeta7,tog,same,anti,cw,+,s,se,pro,ccw,-,s,w,1
I,beta5,eta9,tog,same,anti,cw,-,s,ne,pro,ccw,+,s,n,1
I,beta5,zeta15,tog,same,anti,cw,-,s,ne,pro,ccw,-,s,w,1
I,beta3,eta9,tog,same,anti,cw,+,e,ne,pro,ccw,+,e,n,1
I,beta3,zeta15,tog,same,anti,cw,+,e,ne,pro,ccw,-,e,w,1
I,beta3,eta1,tog,same,anti,cw,-,e,nw,pro,ccw,+,e,n,1
I,beta3,eta15,tog,same,anti,cw,-,e,nw,pro,ccw,-,e,w,1
I,beta3,zeta1,tog,same,pro,cw,+,e,sw,anti,ccw,+,e,n,1
I,beta3,eta7,tog,same,pro,cw,+,e,sw,anti,ccw,-,e,w,1
I,beta3,zeta9,tog,same,pro,cw,-,e,se,anti,ccw,+,e,n,1
I,beta3,zeta7,tog,same,pro,cw,-,e,se,anti,ccw,-,e,w,1
I,beta5,eta1,tog,same,pro,cw,+,s,nw,anti,ccw,+,s,n,1
I,beta5,eta15,tog,same,pro,cw,+,s,nw,anti,ccw,-,s,w,1
I,beta5,zeta1,tog,same,pro,cw,-,s,sw,anti,ccw,+,s,n,1
I,beta5,eta7,tog,same,pro,cw,-,s,sw,anti,ccw,-,s,w,1
I,beta7,eta9,tog,same,pro,cw,+,w,ne,anti,ccw,+,w,n,1
I,beta7,zeta15,tog,same,pro,cw,+,w,ne,anti,ccw,-,w,w,1
I,beta7,eta1,tog,same,pro,cw,-,w,nw,anti,ccw,+,w,n,1
I,beta7,eta15,tog,same,pro,cw,-,w,nw,anti,ccw,-,w,w,1
I,beta1,zeta9,tog,same,pro,cw,+,n,se,anti,ccw,+,n,n,1
I,beta1,zeta7,tog,same,pro,cw,+,n,se,anti,ccw,-,n,w,1
I,beta1,eta9,tog,same,pro,cw,-,n,ne,anti,ccw,+,n,n,1
I,beta1,zeta15,tog,same,pro,cw,-,n,ne,anti,ccw,-,n,w,1
I,beta7,zeta1,tog,same,pro,ccw,+,w,sw,anti,cw,+,w,n,1
I,beta7,eta7,tog,same,pro,ccw,+,w,sw,anti,cw,-,w,w,1
I,beta7,zeta9,tog,same,pro,ccw,-,w,se,anti,cw,+,w,n,1
I,beta7,zeta7,tog,same,pro,ccw,-,w,se,anti,cw,-,w,w,1
I,beta1,eta1,tog,same,pro,ccw,+,n,nw,anti,cw,+,n,n,1
I,beta1,eta15,tog,same,pro,ccw,+,n,nw,anti,cw,-,n,w,1
I,beta1,zeta1,tog,same,pro,ccw,-,n,sw,anti,cw,+,n,n,1
I,beta1,eta7,tog,same,pro,ccw,-,n,sw,anti,cw,-,n,w,1
I,beta5,zeta9,tog,same,pro,ccw,+,s,se,anti,cw,+,s,n,1
I,beta5,zeta7,tog,same,pro,ccw,+,s,se,anti,cw,-,s,w,1
I,beta5,eta9,tog,same,pro,ccw,-,s,ne,anti,cw,+,s,n,1
I,beta5,zeta15,tog,same,pro,ccw,-,s,ne,anti,cw,-,s,w,1
I,beta3,eta9,tog,same,pro,ccw,+,e,ne,anti,cw,+,e,n,1
I,beta3,zeta15,tog,same,pro,ccw,+,e,ne,anti,cw,-,e,w,1
I,beta3,eta1,tog,same,pro,ccw,-,e,nw,anti,cw,+,e,n,1
I,beta3,eta15,tog,same,pro,ccw,-,e,nw,anti,cw,-,e,w,1
J,alpha3,zeta1,tog,opp,pro,ccw,+,w,sw,pro,cw,+,e,n,1
J,alpha3,eta7,tog,opp,pro,ccw,+,w,sw,pro,cw,-,e,w,1
J,alpha3,zeta9,tog,opp,pro,ccw,-,w,se,pro,cw,+,e,n,1
J,alpha3,zeta7,tog,opp,pro,ccw,-,w,se,pro,cw,-,e,w,1
J,alpha5,eta1,split,opp,pro,ccw,+,n,nw,pro,cw,+,s,n,1
J,alpha5,eta15,split,opp,pro,ccw,+,n,nw,pro,cw,-,s,w,1
J,alpha5,zeta1,split,opp,pro,ccw,-,n,sw,pro,cw,+,s,n,1
J,alpha5,eta7,split,opp,pro,ccw,-,n,sw,pro,cw,-,s,w,1
J,alpha7,eta9,tog,opp,pro,ccw,+,e,ne,pro,cw,+,w,n,1
J,alpha7,zeta15,tog,opp,pro,ccw,+,e,ne,pro,cw,-,w,w,1
J,alpha7,eta1,tog,opp,pro,ccw,-,e,nw,pro,cw,+,w,n,1
J,alpha7,eta15,tog,opp,pro,ccw,-,e,nw,pro,cw,-,w,w,1
J,alpha1,zeta9,split,opp,pro,ccw,+,s,se,pro,cw,+,n,n,1
J,alpha1,zeta7,split,opp,pro,ccw,+,s,se,pro,cw,-,n,w,1
J,alpha1,eta9,split,opp,pro,ccw,-,s,ne,pro,cw,+,n,n,1
J,alpha1,zeta15,split,opp,pro,ccw,-,s,ne,pro,cw,-,n,w,1
J,alpha7,zeta1,tog,opp,pro,cw,+,e,sw,pro,ccw,+,w,n,1
J,alpha7,eta7,tog,opp,pro,cw,+,e,sw,pro,ccw,-,w,w,1
J,alpha7,zeta9,tog,opp,pro,cw,-,e,se,pro,ccw,+,w,n,1
J,alpha7,zeta7,tog,opp,pro,cw,-,e,se,pro,ccw,-,w,w,1
J,alpha1,eta1,split,opp,pro,cw,+,s,nw,pro,ccw,+,n,n,1
J,alpha1,eta15,split,opp,pro,cw,+,s,nw,pro,ccw,-,n,w,1
J,alpha1,zeta1,split,opp,pro,cw,-,s,sw,pro,ccw,+,n,n,1
J,alpha1,eta7,split,opp,pro,cw,-,s,sw,pro,ccw,-,n,w,1
J,alpha5,zeta9,split,opp,pro,cw,+,n,se,pro,ccw,+,s,n,1
J,alpha5,zeta7,split,opp,pro,cw,+,n,se,pro,ccw,-,s,w,1
J,alpha5,eta9,split,opp,pro,cw,-,n,ne,pro,ccw,+,s,n,1
J,alpha5,zeta15,split,opp,pro,cw,-,n,ne,pro,ccw,-,s,w,1
J,alpha3,eta9,tog,opp,pro,cw,+,w,ne,pro,ccw,+,e,n,1
J,alpha3,zeta15,tog,opp,pro,cw,+,w,ne,pro,ccw,-,e,w,1
J,alpha3,eta1,tog,opp,pro,cw,-,w,nw,pro,ccw,+,e,n,1
J,alpha3,eta15,tog,opp,pro,cw,-,w,nw,pro,ccw,-,e,w,1
K,alpha3,zeta1,tog,opp,anti,cw,+,w,sw,anti,ccw,+,e,n,1
K,alpha3,eta7,tog,opp,anti,cw,+,w,sw,anti,ccw,-,e,w,1
K,alpha3,zeta9,tog,opp,anti,cw,-,w,se,anti,ccw,+,e,n,1
K,alpha3,zeta7,tog,opp,anti,cw,-,w,se,anti,ccw,-,e,w,1
K,alpha5,eta1,split,opp,anti,cw,+,n,nw,anti,ccw,+,s,n,1
K,alpha5,eta15,split,opp,anti,cw,+,n,nw,anti,ccw,-,s,w,1
K,alpha5,zeta1,split,opp,anti,cw,-,n,sw,anti,ccw,+,s,n,1
K,alpha5,eta7,split,opp,anti,cw,-,n,sw,anti,ccw,-,s,w,1
K,alpha7,eta9,tog,opp,anti,cw,+,e,ne,anti,ccw,+,w,n,1
K,alpha7,zeta15,tog,opp,anti,cw,+,e,ne,anti,ccw,-,w,w,1
K,alpha7,eta1,tog,opp,anti,cw,-,e,nw,anti,ccw,+,w,n,1
K,alpha7,eta15,tog,opp,anti,cw,-,e,nw,anti,ccw,-,w,w,1
K,alpha1,zeta9,split,opp,anti,cw,+,s,se,anti,ccw,+,n,n,1
K,alpha1,zeta7,split,opp,anti,cw,+,s,se,anti,ccw,-,n,w,1
K,alpha1,eta9,split,opp,anti,cw,-,s,ne,anti,ccw,+,n,n,1
K,alpha1,zeta15,split,opp,anti,cw,-,s,ne,anti,ccw,-,n,w,1
K,alpha7,zeta1,tog,opp,anti,ccw,+,e,sw,anti,cw,+,w,n,1
K,alpha7,eta7,tog,opp,anti,ccw,+,e,sw,anti,cw,-,w,w,1
K,alpha7,zeta9,tog,opp,anti,ccw,-,e,se,anti,cw,+,w,n,1
K,alpha7,zeta7,tog,opp,anti,ccw,-,e,se,anti,cw,-,w,w,1
K,alpha1,eta1,split,opp,anti,ccw,+,s,nw,anti,cw,+,n,n,1
K,alpha1,eta15,split,opp,anti,ccw,+,s,nw,anti,cw,-,n,w,1
K,alpha1,zeta1,split,opp,anti,ccw,-,s,sw,anti,cw,+,n,n,1
K,alpha1,eta7,split,opp,anti,ccw,-,s,sw,anti,cw,-,n,w,1
K,alpha5,zeta9,split,opp,anti,ccw,+,n,se,anti,cw,+,s,n,1
K,alpha5,zeta7,split,opp,anti,ccw,+,n,se,anti,cw,-,s,w,1
K,alpha5,eta9,split,opp,anti,ccw,-,n,ne,anti,cw,+,s,n,1
K,alpha5,zeta15,split,opp,anti,ccw,-,n,ne,anti,cw,-,s,w,1
K,alpha3,eta9,tog,opp,anti,ccw,+,w,ne,anti,cw,+,e,n,1
K,alpha3,zeta15,tog,opp,anti,ccw,+,w,ne,anti,cw,-,e,w,1
K,alpha3,eta1,tog,opp,anti,ccw,-,w,nw,anti,cw,+,e,n,1
K,alpha3,eta15,tog,opp,anti,ccw,-,w,nw,anti,cw,-,e,w,1
L,alpha3,zeta1,tog,opp,anti,cw,+,w,sw,pro,cw,+,e,n,1
L,alpha3,eta7,tog,opp,anti,cw,+,w,sw,pro,cw,-,e,w,1
L,alpha3,zeta9,tog,opp,anti,cw,-,w,se,pro,cw,+,e,n,1
L,alpha3,zeta7,tog,opp,anti,cw,-,w,se,pro,cw,-,e,w,1
L,alpha5,eta1,split,opp,anti,cw,+,n,nw,pro,cw,+,s,n,1
L,alpha5,eta15,split,opp,anti,cw,+,n,nw,pro,cw,-,s,w,1
L,alpha5,zeta1,split,opp,anti,cw,-,n,sw,pro,cw,+,s,n,1
L,alpha5,eta7,split,opp,anti,cw,-,n,sw,pro,cw,-,s,w,1
L,alpha7,eta9,tog,opp,anti,cw,+,e,ne,pro,cw,+,w,n,1
L,alpha7,zeta15,tog,opp,anti,cw,+,e,ne,pro,cw,-,w,w,1
L,alpha7,eta1,tog,opp,anti,cw,-,e,nw,pro,cw,+,w,n,1
L,alpha7,eta15,tog,opp,anti,cw,-,e,nw,pro,cw,-,w,w,1
L,alpha1,zeta9,split,opp,anti,cw,+,s,se,pro,cw,+,n,n,1
L,alpha1,zeta7,split,opp,anti,cw,+,s,se,pro,cw,-,n,w,1
L,alpha1,eta9,split,opp,anti,cw,-,s,ne,pro,cw,+,n,n,1
L,alpha1,zeta15,split,opp,anti,cw,-,s,ne,pro,cw,-,n,w,1
L,alpha7,zeta1,tog,opp,anti,ccw,+,e,sw,pro,ccw,+,w,n,1
L,alpha7,eta7,tog,opp,anti,ccw,+,e,sw,pro,ccw,-,w,w,1
L,alpha7,zeta9,tog,opp,anti,ccw,-,e,se,pro,ccw,+,w,n,1
L,alpha7,zeta7,tog,opp,anti,ccw,-,e,se,pro,ccw,-,w,w,1
L,alpha1,eta1,split,opp,anti,ccw,+,s,nw,pro,ccw,+,n,n,1
L,alpha1,eta15,split,opp,anti,ccw,+,s,nw,pro,ccw,-,n,w,1
L,alpha1,zeta1,split,opp,anti,ccw,-,s,sw,pro,ccw,+,n,n,1
L,alpha1,eta7,split,opp,anti,ccw,-,s,sw,pro,ccw,-,n,w,1
L,alpha5,zeta9,split,opp,anti,ccw,+,n,se,pro,ccw,+,s,n,1
L,alpha5,zeta7,split,opp,anti,ccw,+,n,se,pro,ccw,-,s,w,1
L,alpha5,eta9,split,opp,anti,ccw,-,n,ne,pro,ccw,+,s,n,1
L,alpha5,zeta15,split,opp,anti,ccw,-,n,ne,pro,ccw,-,s,w,1
L,alpha3,eta9,tog,opp,anti,ccw,+,w,ne,pro,ccw,+,e,n,1
L,alpha3,zeta15,tog,opp,anti,ccw,+,w,ne,pro,ccw,-,e,w,1
L,alpha3,eta1,tog,opp,anti,ccw,-,w,nw,pro,ccw,+,e,n,1
L,alpha3,eta15,tog,opp,anti,ccw,-,w,nw,pro,ccw,-,e,w,1
L,alpha3,zeta1,tog,opp,pro,ccw,+,w,sw,anti,ccw,+,e,n,1
L,alpha3,eta7,tog,opp,pro,ccw,+,w,sw,anti,ccw,-,e,w,1
L,alpha3,zeta9,tog,opp,pro,ccw,-,w,se,anti,ccw,+,e,n,1
L,alpha3,zeta7,tog,opp,pro,ccw,-,w,se,anti,ccw,-,e,w,1
L,alpha5,eta1,split,opp,pro,ccw,+,n,nw,anti,ccw,+,s,n,1
L,alpha5,eta15,split,opp,pro,ccw,+,n,nw,anti,ccw,-,s,w,1
L,alpha5,zeta1,split,opp,pro,ccw,-,n,sw,anti,ccw,+,s,n,1
L,alpha5,eta7,split,opp,pro,ccw,-,n,sw,anti,ccw,-,s,w,1
L,alpha7,eta9,tog,opp,pro,ccw,+,e,ne,anti,ccw,+,w,n,1
L,alpha7,zeta15,tog,opp,pro,ccw,+,e,ne,anti,ccw,-,w,w,1
L,alpha7,eta1,tog,opp,pro,ccw,-,e,nw,anti,ccw,+,w,n,1
L,alpha7,eta15,tog,opp,pro,ccw,-,e,nw,anti,ccw,-,w,w,1
L,alpha1,zeta9,split,opp,pro,ccw,+,s,se,anti,ccw,+,n,n,1
L,alpha1,zeta7,split,opp,pro,ccw,+,s,se,anti,ccw,-,n,w,1
L,alpha1,eta9,split,opp,pro,ccw,-,s,ne,anti,ccw,+,n,n,1
L,alpha1,zeta15,split,opp,pro,ccw,-,s,ne,anti,ccw,-,n,w,1
L,alpha7,zeta1,tog,opp,pro,cw,+,e,sw,anti,cw,+,w,n,1
L,alpha7,eta7,tog,opp,pro,cw,+,e,sw,anti,cw,-,w,w,1
L,alpha7,zeta9,tog,opp,pro,cw,-,e,se,anti,cw,+,w,n,1
L,alpha7,zeta7,tog,opp,pro,cw,-,e,se,anti,cw,-,w,w,1
L,alpha1,eta1,split,opp,pro,cw,+,s,nw,anti,cw,+,n,n,1
L,alpha1,eta15,split,opp,pro,cw,+,s,nw,anti,cw,-,n,w,1
L,alpha1,zeta1,split,opp,pro,cw,-,s,sw,anti,cw,+,n,n,1
L,alpha1,eta7,split,opp,pro,cw,-,s,sw,anti,cw,-,n,w,1
L,alpha5,zeta9,split,opp,pro,cw,+,n,se,anti,cw,+,s,n,1
L,alpha5,zeta7,split,opp,pro,cw,+,n,se,anti,cw,-,s,w,1
L,alpha5,eta9,split,opp,pro,cw,-,n,ne,anti,cw,+,s,n,1
L,alpha5,zeta15,split,opp,pro,cw,-,n,ne,anti,cw,-,s,w,1
L,alpha3,eta9,tog,opp,pro,cw,+,w,ne,anti,cw,+,e,n,1
L,alpha3,zeta15,tog,opp,pro,cw,+,w,ne,anti,cw,-,e,w,1
L,alpha3,eta1,tog,opp,pro,cw,-,w,nw,anti,cw,+,e,n,1
L,alpha3,eta15,tog,opp,pro,cw,-,w,nw,anti,cw,-,e,w,1
M,gamma3,eta1,quarter,opp,pro,ccw,+,n,nw,pro,cw,+,e,n,1
M,gamma3,eta15,quarter,opp,pro,ccw,+,n,nw,pro,cw,-,e,w,1
M,gamma3,zeta1,quarter,opp,pro,ccw,-,n,sw,pro,cw,+,e,n,1
M,gamma3,eta7,quarter,opp,pro,ccw,-,n,sw,pro,cw,-,e,w,1
M,gamma5,eta9,quarter,opp,pro,ccw,+,e,ne,pro,cw,+,s,n,1
M,gamma5,zeta15,quarter,opp,pro,ccw,+,e,ne,pro,cw,-,s,w,1
M,gamma5,eta1,quarter,opp,pro,ccw,-,e,nw,pro,cw,+,s,n,1
M,gamma5,eta15,quarter,opp,pro,ccw,-,e,nw,pro,cw,-,s,w,1
M,gamma7,zeta9,quarter,opp,pro,ccw,+,s,se,pro,cw,+,w,n,1
M,gamma7,zeta7,quarter,opp,pro,ccw,+,s,se,pro,cw,-,w,w,1
M,gamma7,eta9,quarter,opp,pro,ccw,-,s,ne,pro,cw,+,w,n,1
M,gamma7,zeta15,quarter,opp,pro,ccw,-,s,ne,pro,cw,-,w,w,1
M,gamma1,zeta1,quarter,opp,pro,ccw,+,w,sw,pro,cw,+,n,n,1
M,gamma1,eta7,quarter,opp,pro,ccw,+,w,sw,pro,cw,-,n,w,1
M,gamma1,zeta9,quarter,opp,pro,ccw,-,w,se,pro,cw,+,n,n,1
M,gamma1,zeta7,quarter,opp,pro,ccw,-,w,se,pro,cw,-,n,w,1
M,gamma13,eta9,quarter,opp,pro,cw,+,w,ne,pro,ccw,+,s,n,1
M,gamma13,zeta15,quarter,opp,pro,cw,+,w,ne,pro,ccw,-,s,w,1
M,gamma13,eta1,quarter,opp,pro,cw,-,w,nw,pro,ccw,+,s,n,1
M,gamma13,eta15,quarter,opp,pro,cw,-,w,nw,pro,ccw,-,s,w,1
M,gamma15,zeta9,quarter,opp,pro,cw,+,n,se,pro,ccw,+,w,n,1
M,gamma15,zeta7,quarter,opp,pro,cw,+,n,se,pro,ccw,-,w,w,1
M,gamma15,eta9,quarter,opp,pro,cw,-,n,ne,pro,ccw,+,w,n,1
M,gamma15,zeta15,quarter,opp,pro,cw,-,n,ne,pro,ccw,-,w,w,1
M,gamma9,zeta1,quarter,opp,pro,cw,+,e,sw,pro,ccw,+,n,n,1
M,gamma9,eta7,quarter,opp,pro,cw,+,e,sw,pro,ccw,-,n,w,1
M,gamma9,zeta9,quarter,opp,pro,cw,-,e,se,pro,ccw,+,n,n,1
M,gamma9,zeta7,quarter,opp,pro,cw,-,e,se,pro,ccw,-,n,w,1
M,gamma11,eta1,quarter,opp,pro,cw,+,s,nw,pro,ccw,+,e,n,1
M,gamma11,eta15,quarter,opp,pro,cw,+,s,nw,pro,ccw,-,e,w,1
M,gamma11,zeta1,quarter,opp,pro,cw,-,s,sw,pro,ccw,+,e,n,1
M,gamma11,eta7,quarter,opp,pro,cw,-,s,sw,pro,ccw,-,e,w,1
N,gamma3,eta1,quarter,opp,anti,cw,+,n,nw,anti,ccw,+,e,n,1
N,gamma3,eta15,quarter,opp,anti,cw,+,n,nw,anti,ccw,-,e,w,1
N,gamma3,zeta1,quarter,opp,anti,cw,-,n,sw,anti,ccw,+,e,n,1
N,gamma3,eta7,quarter,opp,anti,cw,-,n,sw,anti,ccw,-,e,w,1
N,gamma5,eta9,quarter,opp,anti,cw,+,e,ne,anti,ccw,+,s,n,1
N,gamma5,zeta15,quarter,opp,anti,cw,+,e,ne,anti,ccw,-,s,w,1
N,gamma5,eta1,quarter,opp,anti,cw,-,e,nw,anti,ccw,+,s,n,1
N,gamma5,eta15,quarter,opp,anti,cw,-,e,nw,anti,ccw,-,s,w,1
N,gamma7,zeta9,quarter,opp,anti,cw,+,s,se,anti,ccw,+,w,n,1
N,gamma7,zeta7,quarter,opp,anti,cw,+,s,se,anti,ccw,-,w,w,1
N,gamma7,eta9,quarter,opp,anti,cw,-,s,ne,anti,ccw,+,w,n,1
N,gamma7,zeta15,quarter,opp,anti,cw,-,s,ne,anti,ccw,-,w,w,1
N,gamma1,zeta1,quarter,opp,anti,cw,+,w,sw,anti,ccw,+,n,n,1
N,gamma1,eta7,quarter,opp,anti,cw,+,w,sw,anti,ccw,-,n,w,1
N,gamma1,zeta9,quarter,opp,anti,cw,-,w,se,anti,ccw,+,n,n,1
N,gamma1,zeta7,quarter,opp,anti,cw,-,w,se,anti,ccw,-,n,w,1
N,gamma15,zeta9,quarter,opp,anti,ccw,+,n,se,anti,cw,+,w,n,1
N,gamma15,zeta7,quarter,opp,anti,ccw,+,n,se,anti,cw,-,w,w,1
N,gamma15,eta9,quarter,opp,anti,ccw,-,n,ne,anti,cw,+,w,n,1
N,gamma15,zeta15,quarter,opp,anti,ccw,-,n,ne,anti,cw,-,w,w,1
N,gamma9,zeta1,quarter,opp,anti,ccw,+,e,sw,anti,cw,+,n,n,1
N,gamma9,eta7,quarter,opp,anti,ccw,+,e,sw,anti,cw,-,n,w,1
N,gamma9,zeta9,quarter,opp,anti,ccw,-,e,se,anti,cw,+,n,n,1
N,gamma9,zeta7,quarter,opp,anti,ccw,-,e,se,anti,cw,-,n,w,1
N,gamma13,eta9,quarter,opp,anti,ccw,+,w,ne,anti,cw,+,s,n,1
N,gamma13,zeta15,quarter,opp,anti,ccw,+,w,ne,anti,cw,-,s,w,1
N,gamma13,eta1,quarter,opp,anti,ccw,-,w,nw,anti,cw,+,s,n,1
N,gamma13,eta15,quarter,opp,anti,ccw,-,w,nw,anti,cw,-,s,w,1
N,gamma11,eta1,quarter,opp,anti,ccw,+,s,nw,anti,cw,+,e,n,1
N,gamma11,eta15,quarter,opp,anti,ccw,+,s,nw,anti,cw,-,e,w,1
N,gamma11,zeta1,quarter,opp,anti,ccw,-,s,sw,anti,cw,+,e,n,1
N,gamma11,eta7,quarter,opp,anti,ccw,-,s,sw,anti,cw,-,e,w,1
O,gamma3,eta1,quarter,opp,anti,cw,+,n,nw,pro,cw,+,e,n,1
O,gamma3,eta15,quarter,opp,anti,cw,+,n,nw,pro,cw,-,e,w,1
O,gamma3,zeta1,quarter,opp,anti,cw,-,n,sw,pro,cw,+,e,n,1
O,gamma3,eta7,quarter,opp,anti,cw,-,n,sw,pro,cw,-,e,w,1
O,gamma5,eta9,quarter,opp,anti,cw,+,e,ne,pro,cw,+,s,n,1
O,gamma5,zeta15,quarter,opp,anti,cw,+,e,ne,pro,cw,-,s,w,1
O,gamma5,eta1,quarter,opp,anti,cw,-,e,nw,pro,cw,+,s,n,1
O,gamma5,eta15,quarter,opp,anti,cw,-,e,nw,pro,cw,-,s,w,1
O,gamma7,zeta9,quarter,opp,anti,cw,+,s,se,pro,cw,+,w,n,1
O,gamma7,zeta7,quarter,opp,anti,cw,+,s,se,pro,cw,-,w,w,1
O,gamma7,eta9,quarter,opp,anti,cw,-,s,ne,pro,cw,+,w,n,1
O,gamma7,zeta15,quarter,opp,anti,cw,-,s,ne,pro,cw,-,w,w,1
O,gamma1,zeta1,quarter,opp,anti,cw,+,w,sw,pro,cw,+,n,n,1
O,gamma1,eta7,quarter,opp,anti,cw,+,w,sw,pro,cw,-,n,w,1
O,gamma1,zeta9,quarter,opp,anti,cw,-,w,se,pro,cw,+,n,n,1
O,gamma1,zeta7,quarter,opp,anti,cw,-,w,se,pro,cw,-,n,w,1
O,gamma15,zeta9,quarter,opp,anti,ccw,+,n,se,pro,ccw,+,w,n,1
O,gamma15,zeta7,quarter,opp,anti,ccw,+,n,se,pro,ccw,-,w,w,1
O,gamma15,eta9,quarter,opp,anti,ccw,-,n,ne,pro,ccw,+,w,n,1
O,gamma15,zeta15,quarter,opp,anti,ccw,-,n,ne,pro,ccw,-,w,w,1
O,gamma9,zeta1,quarter,opp,anti,ccw,+,e,sw,pro,ccw,+,n,n,1
O,gamma9,eta7,quarter,opp,anti,ccw,+,e,sw,pro,ccw,-,n,w,1
O,gamma9,zeta9,quarter,opp,anti,ccw,-,e,se,pro,ccw,+,n,n,1
O,gamma9,zeta7,quarter,opp,anti,ccw,-,e,se,pro,ccw,-,n,w,1
O,gamma13,eta9,quarter,opp,anti,ccw,+,w,ne,pro,ccw,+,s,n,1
O,gamma13,zeta15,quarter,opp,anti,ccw,+,w,ne,pro,ccw,-,s,w,1
O,gamma13,eta1,quarter,opp,anti,ccw,-,w,nw,pro,ccw,+,s,n,1
O,gamma13,eta15,quarter,opp,anti,ccw,-,w,nw,pro,ccw,-,s,w,1
O,gamma11,eta1,quarter,opp,anti,ccw,+,s,nw,pro,ccw,+,e,n,1
O,gamma11,eta15,quarter,opp,anti,ccw,+,s,nw,pro,ccw,-,e,w,1
O,gamma11,zeta1,quarter,opp,anti,ccw,-,s,sw,pro,ccw,+,e,n,1
O,gamma11,eta7,quarter,opp,anti,ccw,-,s,sw,pro,ccw,-,e,w,1
O,gamma3,eta1,quarter,opp,pro,ccw,+,n,nw,anti,ccw,+,e,n,1
O,gamma3,eta15,quarter,opp,pro,ccw,+,n,nw,anti,ccw,-,e,w,1
O,gamma3,zeta1,quarter,opp,pro,ccw,-,n,sw,anti,ccw,+,e,n,1
O,gamma3,eta7,quarter,opp,pro,ccw,-,n,sw,anti,ccw,-,e,w,1
O,gamma5,eta9,quarter,opp,pro,ccw,+,e,ne,anti,ccw,+,s,n,1
O,gamma5,zeta15,quarter,opp,pro,ccw,+,e,ne,anti,ccw,-,s,w,1
O,gamma5,eta1,quarter,opp,pro,ccw,-,e,nw,anti,ccw,+,s,n,1
O,gamma5,eta15,quarter,opp,pro,ccw,-,e,nw,anti,ccw,-,s,w,1
O,gamma7,zeta9,quarter,opp,pro,ccw,+,s,se,anti,ccw,+,w,n,1
O,gamma7,zeta7,quarter,opp,pro,ccw,+,s,se,anti,ccw,-,w,w,1
O,gamma7,eta9,quarter,opp,pro,ccw,-,s,ne,anti,ccw,+,w,n,1
O,gamma7,zeta15,quarter,opp,pro,ccw,-,s,ne,anti,ccw,-,w,w,1
O,gamma1,zeta1,quarter,opp,pro,ccw,+,w,sw,anti,ccw,+,n,n,1
O,gamma1,eta7,quarter,opp,pro,ccw,+,w,sw,anti,ccw,-,n,w,1
O,gamma1,zeta9,quarter,opp,pro,ccw,-,w,se,anti,ccw,+,n,n,1
O,gamma1,zeta7,quarter,opp,pro,ccw,-,w,se,anti,ccw,-,n,w,1
O,gamma15,zeta9,quarter,opp,pro,cw,+,n,se,anti,cw,+,w,n,1
O,gamma15,zeta7,quarter,opp,pro,cw,+,n,se,anti,cw,-,w,w,1
O,gamma15,eta9,quarter,opp,pro,cw,-,n,ne,anti,cw,+,w,n,1
O,gamma15,zeta15,quarter,opp,pro,cw,-,n,ne,anti,cw,-,w,w,1
O,gamma9,zeta1,quarter,opp,pro,cw,+,e,sw,anti,cw,+,n,n,1
O,gamma9,eta7,quarter,opp,pro,cw,+,e,sw,anti,cw,-,n,w,1
O,gamma9,zeta9,quarter,opp,pro,cw,-,e,se,anti,cw,+,n,n,1
O,gamma9,zeta7,quarter,opp,pro,cw,-,e,se,anti,cw,-,n,w,1
O,gamma13,eta9,quarter,opp,pro,cw,+,w,ne,anti,cw,+,s,n,1
O,gamma13,zeta15,quarter,opp,pro,cw,+,w,ne,anti,cw,-,s,w,1
O,gamma13,eta1,quarter,opp,pro,cw,-,w,nw,anti,cw,+,s,n,1
O,gamma13,eta15,quarter,opp,pro,cw,-,w,nw,anti,cw,-,s,w,1
O,gamma11,eta1,quarter,opp,pro,cw,+,s,nw,anti,cw,+,e,n,1
O,gamma11,eta15,quarter,opp,pro,cw,+,s,nw,anti,cw,-,e,w,1
O,gamma11,zeta1,quarter,opp,pro,cw,-,s,sw,anti,cw,+,e,n,1
O,gamma11,eta7,quarter,opp,pro,cw,-,s,sw,anti,cw,-,e,w,1
P,gamma11,zeta9,quarter,opp,pro,ccw,+,s,se,pro,cw,+,e,n,1
P,gamma11,zeta7,quarter,opp,pro,ccw,+,s,se,pro,cw,-,e,w,1
P,gamma11,eta9,quarter,opp,pro,ccw,-,s,ne,pro,cw,+,e,n,1
P,gamma11,zeta15,quarter,opp,pro,ccw,-,s,ne,pro,cw,-,e,w,1
P,gamma13,zeta1,quarter,opp,pro,ccw,+,w,sw,pro,cw,+,s,n,1
P,gamma13,eta7,quarter,opp,pro,ccw,+,w,sw,pro,cw,-,s,w,1
P,gamma13,zeta9,quarter,opp,pro,ccw,-,w,se,pro,cw,+,s,n,1
P,gamma13,zeta7,quarter,opp,pro,ccw,-,w,se,pro,cw,-,s,w,1
P,gamma15,eta1,quarter,opp,pro,ccw,+,n,nw,pro,cw,+,w,n,1
P,gamma15,eta15,quarter,opp,pro,ccw,+,n,nw,pro,cw,-,w,w,1
P,gamma15,zeta1,quarter,opp,pro,ccw,-,n,sw,pro,cw,+,w,n,1
P,gamma15,eta7,quarter,opp,pro,ccw,-,n,sw,pro,cw,-,w,w,1
P,gamma9,eta9,quarter,opp,pro,ccw,+,e,ne,pro,cw,+,n,n,1
P,gamma9,zeta15,quarter,opp,pro,ccw,+,e,ne,pro,cw,-,n,w,1
P,gamma9,eta1,quarter,opp,pro,ccw,-,e,nw,pro,cw,+,n,n,1
P,gamma9,eta15,quarter,opp,pro,ccw,-,e,nw,pro,cw,-,n,w,1
P,gamma7,eta1,quarter,opp,pro,cw,+,s,nw,pro,ccw,+,w,n,1
P,gamma7,eta15,quarter,opp,pro,cw,+,s,nw,pro,ccw,-,w,w,1
P,gamma7,zeta1,quarter,opp,pro,cw,-,s,sw,pro,ccw,+,w,n,1
P,gamma7,eta7,quarter,opp,pro,cw,-,s,sw,pro,ccw,-,w,w,1
P,gamma1,eta9,quarter,opp,pro,cw,+,w,ne,pro,ccw,+,n,n,1
P,gamma1,zeta15,quarter,opp,pro,cw,+,w,ne,pro,ccw,-,n,w,1
P,gamma1,eta1,quarter,opp,pro,cw,-,w,nw,pro,ccw,+,n,n,1
P,gamma1,eta15,quarter,opp,pro,cw,-,w,nw,pro,ccw,-,n,w,1
P,gamma5,zeta1,quarter,opp,pro,cw,+,e,sw,pro,ccw,+,s,n,1
P,gamma5,eta7,quarter,opp,pro,cw,+,e,sw,pro,ccw,-,s,w,1
P,gamma5,zeta9,quarter,opp,pro,cw,-,e,se,pro,ccw,+,s,n,1
P,gamma5,zeta7,quarter,opp,pro,cw,-,e,se,pro,ccw,-,s,w,1
P,gamma3,zeta9,quarter,opp,pro,cw,+,n,se,pro,ccw,+,e,n,1
P,gamma3,zeta7,quarter,opp,pro,cw,+,n,se,pro,ccw,-,e,w,1
P,gamma3,eta9,quarter,opp,pro,cw,-,n,ne,pro,ccw,+,e,n,1
P,gamma3,zeta15,quarter,opp,pro,cw,-,n,ne,pro,ccw,-,e,w,1
Q,gamma11,zeta9,quarter,opp,anti,cw,+,s,se,anti,ccw,+,e,n,1
Q,gamma11,zeta7,quarter,opp,anti,cw,+,s,se,anti,ccw,-,e,w,1
Q,gamma11,eta9,quarter,opp,anti,cw,-,s,ne,anti,ccw,+,e,n,1
Q,gamma11,zeta15,quarter,opp,anti,cw,-,s,ne,anti,ccw,-,e,w,1
Q,gamma13,zeta1,quarter,opp,anti,cw,+,w,sw,anti,ccw,+,s,n,1
Q,gamma13,eta7,quarter,opp,anti,cw,+,w,sw,anti,ccw,-,s,w,1
Q,gamma13,zeta9,quarter,opp,anti,cw,-,w,se,anti,ccw,+,s,n,1
Q,gamma13,zeta7,quarter,opp,anti,cw,-,w,se,anti,ccw,-,s,w,1
Q,gamma15,eta1,quarter,opp,anti,cw,+,n,nw,anti,ccw,+,w,n,1
Q,gamma15,eta15,quarter,opp,anti,cw,+,n,nw,anti,ccw,-,w,w,1
Q,gamma15,zeta1,quarter,opp,anti,cw,-,n,sw,anti,ccw,+,w,n,1
Q,gamma15,eta7,quarter,opp,anti,cw,-,n,sw,anti,ccw,-,w,w,1
Q,gamma9,eta9,quarter,opp,anti,cw,+,e,ne,anti,ccw,+,n,n,1
Q,gamma9,zeta15,quarter,opp,anti,cw,+,e,ne,anti,ccw,-,n,w,1
Q,gamma9,eta1,quarter,opp,anti,cw,-,e,nw,anti,ccw,+,n,n,1
Q,gamma9,eta15,quarter,opp,anti,cw,-,e,nw,anti,ccw,-,n,w,1
Q,gamma7,eta1,quarter,opp,anti,ccw,+,s,nw,anti,cw,+,w,n,1
Q,gamma7,eta15,quarter,opp,anti,ccw,+,s,nw,anti,cw,-,w,w,1
Q,gamma7,zeta1,quarter,opp,anti,ccw,-,s,sw,anti,cw,+,w,n,1
Q,gamma7,eta7,quarter,opp,anti,ccw,-,s,sw,anti,cw,-,w,w,1
Q,gamma1,eta9,quarter,opp,anti,ccw,+,w,ne,anti,cw,+,n,n,1
Q,gamma1,zeta15,quarter,opp,anti,ccw,+,w,ne,anti,cw,-,n,w,1
Q,gamma1,eta1,quarter,opp,anti,ccw,-,w,nw,anti,cw,+,n,n,1
Q,gamma1,eta15,quarter,opp,anti,ccw,-,w,nw,anti,cw,-,n,w,1
Q,gamma5,zeta1,quarter,opp,anti,ccw,+,e,sw,anti,cw,+,s,n,1
Q,gamma5,eta7,quarter,opp,anti,ccw,+,e,sw,anti,cw,-,s,w,1
Q,gamma5,zeta9,quarter,opp,anti,ccw,-,e,se,anti,cw,+,s,n,1
Q,gamma5,zeta7,quarter,opp,anti,ccw,-,e,se,anti,cw,-,s,w,1
Q,gamma3,zeta9,quarter,opp,anti,ccw,+,n,se,anti,cw,+,e,n,1
Q,gamma3,zeta7,quarter,opp,anti,ccw,+,n,se,anti,cw,-,e,w,1
Q,gamma3,eta9,quarter,opp,anti,ccw,-,n,ne,anti,cw,+,e,n,1
Q,gamma3,zeta15,quarter,opp,anti,ccw,-,n,ne,anti,cw,-,e,w,1
R,gamma11,zeta9,quarter,opp,anti,cw,+,s,se,pro,cw,+,e,n,1
R,gamma11,zeta7,quarter,opp,anti,cw,+,s,se,pro,cw,-,e,w,1
R,gamma11,eta9,quarter,opp,anti,cw,-,s,ne,pro,cw,+,e,n,1
R,gamma11,zeta15,quarter,opp,anti,cw,-,s,ne,pro,cw,-,e,w,1
R,gamma13,zeta1,quarter,opp,anti,cw,+,w,sw,pro,cw,+,s,n,1
R,gamma13,eta7,quarter,opp,anti,cw,+,w,sw,pro,cw,-,s,w,1
R,gamma13,zeta9,quarter,opp,anti,cw,-,w,se,pro,cw,+,s,n,1
R,gamma13,zeta7,quarter,opp,anti,cw,-,w,se,pro,cw,-,s,w,1
R,gamma15,eta1,quarter,opp,anti,cw,+,n,nw,pro,cw,+,w,n,1
R,gamma15,eta15,quarter,opp,anti,cw,+,n,nw,pro,cw,-,w,w,1
R,gamma15,zeta1,quarter,opp,anti,cw,-,n,sw,pro,cw,+,w,n,1
R,gamma15,eta7,quarter,opp,anti,cw,-,n,sw,pro,cw,-,w,w,1
R,gamma9,eta9,quarter,opp,anti,cw,+,e,ne,pro,cw,+,n,n,1
R,gamma9,zeta15,quarter,opp,anti,cw,+,e,ne,pro,cw,-,n,w,1
R,gamma9,eta1,quarter,opp,anti,cw,-,e,nw,pro,cw,+,n,n,1
R,gamma9,eta15,quarter,opp,anti,cw,-,e,nw,pro,cw,-,n,w,1
R,gamma7,eta1,quarter,opp,anti,ccw,+,s,nw,pro,ccw,+,w,n,1
R,gamma7,eta15,quarter,opp,anti,ccw,+,s,nw,pro,ccw,-,w,w,1
R,gamma7,zeta1,quarter,opp,anti,ccw,-,s,sw,pro,ccw,+,w,n,1
R,gamma7,eta7,quarter,opp,anti,ccw,-,s,sw,pro,ccw,-,w,w,1
R,gamma1,eta9,quarter,opp,anti,ccw,+,w,ne,pro,ccw,+,n,n,1
R,gamma1,zeta15,quarter,opp,anti,ccw,+,w,ne,pro,ccw,-,n,w,1
R,gamma1,eta1,quarter,opp,anti,ccw,-,w,nw,pro,ccw,+,n,n,1
R,gamma1,eta15,quarter,opp,anti,ccw,-,w,nw,pro,ccw,-,n,w,1
R,gamma5,zeta1,quarter,opp,anti,ccw,+,e,sw,pro,ccw,+,s,n,1
R,gamma5,eta7,quarter,opp,anti,ccw,+,e,sw,pro,ccw,-,s,w,1
R,gamma5,zeta9,quarter,opp,anti,ccw,-,e,se,pro,ccw,+,s,n,1
R,gamma5,zeta7,quarter,opp,anti,ccw,-,e,se,pro,ccw,-,s,w,1
R,gamma3,zeta9,quarter,opp,anti,ccw,+,n,se,pro,ccw,+,e,n,1
R,gamma3,zeta7,quarter,opp,anti,ccw,+,n,se,pro,ccw,-,e,w,1
R,gamma3,eta9,quarter,opp,anti,ccw,-,n,ne,pro,ccw,+,e,n,1
R,gamma3,zeta15,quarter,opp,anti,ccw,-,n,ne,pro,ccw,-,e,w,1
R,gamma11,zeta9,quarter,opp,pro,ccw,+,s,se,anti,ccw,+,e,n,1
R,gamma11,zeta7,quarter,opp,pro,ccw,+,s,se,anti,ccw,-,e,w,1
R,gamma11,eta9,quarter,opp,pro,ccw,-,s,ne,anti,ccw,+,e,n,1
R,gamma11,zeta15,quarter,opp,pro,ccw,-,s,ne,anti,ccw,-,e,w,1
R,gamma13,zeta1,quarter,opp,pro,ccw,+,w,sw,anti,ccw,+,s,n,1
R,gamma13,eta7,quarter,opp,pro,ccw,+,w,sw,anti,ccw,-,s,w,1
R,gamma13,zeta9,quarter,opp,pro,ccw,-,w,se,anti,ccw,+,s,n,1
R,gamma13,zeta7,quarter,opp,pro,ccw,-,w,se,anti,ccw,-,s,w,1
R,gamma15,eta1,quarter,opp,pro,ccw,+,n,nw,anti,ccw,+,w,n,1
R,gamma15,eta15,quarter,opp,pro,ccw,+,n,nw,anti,ccw,-,w,w,1
R,gamma15,zeta1,quarter,opp,pro,ccw,-,n,sw,anti,ccw,+,w,n,1
R,gamma15,eta7,quarter,opp,pro,ccw,-,n,sw,anti,ccw,-,w,w,1
R,gamma9,eta9,quarter,opp,pro,ccw,+,e,ne,anti,ccw,+,n,n,1
R,gamma9,zeta15,quarter,opp,pro,ccw,+,e,ne,anti,ccw,-,n,w,1
R,gamma9,eta1,quarter,opp,pro,ccw,-,e,nw,anti,ccw,+,n,n,1
R,gamma9,eta15,quarter,opp,pro,ccw,-,e,nw,anti,ccw,-,n,w,1
R,gamma7,eta1,quarter,opp,pro,cw,+,s,nw,anti,cw,+,w,n,1
R,gamma7,eta15,quarter,opp,pro,cw,+,s,nw,anti,cw,-,w,w,1
R,gamma7,zeta1,quarter,opp,pro,cw,-,s,sw,anti,cw,+,w,n,1
R,gamma7,eta7,quarter,opp,pro,cw,-,s,sw,anti,cw,-,w,w,1
R,gamma1,eta9,quarter,opp,pro,cw,+,w,ne,anti,cw,+,n,n,1
R,gamma1,zeta15,quarter,opp,pro,cw,+,w,ne,anti,cw,-,n,w,1
R,gamma1,eta1,quarter,opp,pro,cw,-,w,nw,anti,cw,+,n,n,1
R,gamma1,eta15,quarter,opp,pro,cw,-,w,nw,anti,cw,-,n,w,1
R,gamma5,zeta1,quarter,opp,pro,cw,+,e,sw,anti,cw,+,s,n,1
R,gamma5,eta7,quarter,opp,pro,cw,+,e,sw,anti,cw,-,s,w,1
R,gamma5,zeta9,quarter,opp,pro,cw,-,e,se,anti,cw,+,s,n,1
R,gamma5,zeta7,quarter,opp,pro,cw,-,e,se,anti,cw,-,s,w,1
R,gamma3,zeta9,quarter,opp,pro,cw,+,n,se,anti,cw,+,e,n,1
R,gamma3,zeta7,quarter,opp,pro,cw,+,n,se,anti,cw,-,e,w,1
R,gamma3,eta9,quarter,opp,pro,cw,-,n,ne,anti,cw,+,e,n,1
R,gamma3,zeta15,quarter,opp,pro,cw,-,n,ne,anti,cw,-,e,w,1
S,gamma3,zeta9,quarter,same,pro,cw,+,n,se,pro,cw,+,e,n,1
S,gamma3,zeta7,quarter,same,pro,cw,+,n,se,pro,cw,-,e,w,1
S,gamma3,eta9,quarter,same,pro,cw,-,n,ne,pro,cw,+,e,n,1
S,gamma3,zeta15,quarter,same,pro,cw,-,n,ne,pro,cw,-,e,w,1
S,gamma5,zeta1,quarter,same,pro,cw,+,e,sw,pro,cw,+,s,n,1
S,gamma5,eta7,quarter,same,pro,cw,+,e,sw,pro,cw,-,s,w,1
S,gamma5,zeta9,quarter,same,pro,cw,-,e,se,pro,cw,+,s,n,1
S,gamma5,zeta7,quarter,same,pro,cw,-,e,se,pro,cw,-,s,w,1
S,gamma7,eta1,quarter,same,pro,cw,+,s,nw,pro,cw,+,w,n,1
S,gamma7,eta15,quarter,same,pro,cw,+,s,nw,pro,cw,-,w,w,1
S,gamma7,zeta1,quarter,same,pro,cw,-,s,sw,pro,cw,+,w,n,1
S,gamma7,eta7,quarter,same,pro,cw,-,s,sw,pro,cw,-,w,w,1
S,gamma1,eta9,quarter,same,pro,cw,+,w,ne,pro,cw,+,n,n,1
S,gamma1,zeta15,quarter,same,pro,cw,+,w,ne,pro,cw,-,n,w,1
S,gamma1,eta1,quarter,same,pro,cw,-,w,nw,pro,cw,+,n,n,1
S,gamma1,eta15,quarter,same,pro,cw,-,w,nw,pro,cw,-,n,w,1
S,gamma15,eta1,quarter,same,pro,ccw,+,n,nw,pro,ccw,+,w,n,1
S,gamma15,eta15,quarter,same,pro,ccw,+,n,nw,pro,ccw,-,w,w,1
S,gamma15,zeta1,quarter,same,pro,ccw,-,n,sw,pro,ccw,+,w,n,1
S,gamma15,eta7,quarter,same,pro,ccw,-,n,sw,pro,ccw,-,w,w,1
S,gamma9,eta9,quarter,same,pro,ccw,+,e,ne,pro,ccw,+,n,n,1
S,gamma9,zeta15,quarter,same,pro,ccw,+,e,ne,pro,ccw,-,n,w,1
S,gamma9,eta1,quarter,same,pro,ccw,-,e,nw,pro,ccw,+,n,n,1
S,gamma9,eta15,quarter,same,pro,ccw,-,e,nw,pro,ccw,-,n,w,1
S,gamma13,zeta1,quarter,same,pro,ccw,+,w,sw,pro,ccw,+,s,n,1
S,gamma13,eta7,quarter,same,pro,ccw,+,w,sw,pro,ccw,-,s,w,1
S,gamma13,zeta9,quarter,same,pro,ccw,-,w,se,pro,ccw,+,s,n,1
S,gamma13,zeta7,quarter,same,pro,ccw,-,w,se,pro,ccw,-,s,w,1
S,gamma11,zeta9,quarter,same,pro,ccw,+,s,se,pro,ccw,+,e,n,1
S,gamma11,zeta7,quarter,same,pro,ccw,+,s,se,pro,ccw,-,e,w,1
S,gamma11,eta9,quarter,same,pro,ccw,-,s,ne,pro,ccw,+,e,n,1
S,gamma11,zeta15,quarter,same,pro,ccw,-,s,ne,pro,ccw,-,e,w,1
S,gamma11,eta1,quarter,same,pro,cw,+,s,nw,pro,cw,+,e,n,1
S,gamma11,eta15,quarter,same,pro,cw,+,s,nw,pro,cw,-,e,w,1
S,gamma11,zeta1,quarter,same,pro,cw,-,s,sw,pro,cw,+,e,n,1
S,gamma11,eta7,quarter,same,pro,cw,-,s,sw,pro,cw,-,e,w,1
S,gamma13,eta9,quarter,same,pro,cw,+,w,ne,pro,cw,+,s,n,1
S,gamma13,zeta15,quarter,same,pro,cw,+,w,ne,pro,cw,-,s,w,1
S,gamma13,eta1,quarter,same,pro,cw,-,w,nw,pro,cw,+,s,n,1
S,gamma13,eta15,quarter,same,pro,cw,-,w,nw,pro,cw,-,s,w,1
S,gamma15,zeta9,quarter,same,pro,cw,+,n,se,pro,cw,+,w,n,1
S,gamma15,zeta7,quarter,same,pro,cw,+,n,se,pro,cw,-,w,w,1
S,gamma15,eta9,quarter,same,pro,cw,-,n,ne,pro,cw,+,w,n,1
S,gamma15,zeta15,quarter,same,pro,cw,-,n,ne,pro,cw,-,w,w,1
S,gamma9,zeta1,quarter,same,pro,cw,+,e,sw,pro,cw,+,n,n,1
S,gamma9,eta7,quarter,same,pro,cw,+,e,sw,pro,cw,-,n,w,1
S,gamma9,zeta9,quarter,same,pro,cw,-,e,se,pro,cw,+,n,n,1
S,gamma9,zeta7,quarter,same,pro,cw,-,e,se,pro,cw,-,n,w,1
S,gamma7,zeta9,quarter,same,pro,ccw,+,s,se,pro,ccw,+,w,n,1
S,gamma7,zeta7,quarter,same,pro,ccw,+,s,se,pro,ccw,-,w,w,1
S,gamma7,eta9,quarter,same,pro,ccw,-,s,ne,pro,ccw,+,w,n,1
S,gamma7,zeta15,quarter,same,pro,ccw,-,s,ne,pro,ccw,-,w,w,1
S,gamma1,zeta1,quarter,same,pro,ccw,+,w,sw,pro,ccw,+,n,n,1
S,gamma1,eta7,quarter,same,pro,ccw,+,w,sw,pro,ccw,-,n,w,1
S,gamma1,zeta9,quarter,same,pro,ccw,-,w,se,pro,ccw,+,n,n,1
S,gamma1,zeta7,quarter,same,pro,ccw,-,w,se,pro,ccw,-,n,w,1
S,gamma5,eta9,quarter,same,pro,ccw,+,e,ne,pro,ccw,+,s,n,1
S,gamma5,zeta15,quarter,same,pro,ccw,+,e,ne,pro,ccw,-,s,w,1
S,gamma5,eta1,quarter,same,pro,ccw,-,e,nw,pro,ccw,+,s,n,1
S,gamma5,eta15,quarter,same,pro,ccw,-,e,nw,pro,ccw,-,s,w,1
S,gamma3,eta1,quarter,same,pro,ccw,+,n,nw,pro,ccw,+,e,n,1
S,gamma3,eta15,quarter,same,pro,ccw,+,n,nw,pro,ccw,-,e,w,1
S,gamma3,zeta1,quarter,same,pro,ccw,-,n,sw,pro,ccw,+,e,n,1
S,gamma3,eta7,quarter,same,pro,ccw,-,n,sw,pro,ccw,-,e,w,1
T,gamma3,zeta9,quarter,same,anti,ccw,+,n,se,anti,ccw,+,e,n,1
T,gamma3,zeta7,quarter,same,anti,ccw,+,n,se,anti,ccw,-,e,w,1
T,gamma3,eta9,quarter,same,anti,ccw,-,n,ne,anti,ccw,+,e,n,1
T,gamma3,zeta15,quarter,same,anti,ccw,-,n,ne,anti,ccw,-,e,w,1
T,gamma5,zeta1,quarter,same,anti,ccw,+,e,sw,anti,ccw,+,s,n,1
T,gamma5,eta7,quarter,same,anti,ccw,+,e,sw,anti,ccw,-,s,w,1
T,gamma5,zeta9,quarter,same,anti,ccw,-,e,se,anti,ccw,+,s,n,1
T,gamma5,zeta7,quarter,same,anti,ccw,-,e,se,anti,ccw,-,s,w,1
T,gamma7,eta1,quarter,same,anti,ccw,+,s,nw,anti,ccw,+,w,n,1
T,gamma7,eta15,quarter,same,anti,ccw,+,s,nw,anti,ccw,-,w,w,1
T,gamma7,zeta1,quarter,same,anti,ccw,-,s,sw,anti,ccw,+,w,n,1
T,gamma7,eta7,quarter,same,anti,ccw,-,s,sw,anti,ccw,-,w,w,1
T,gamma1,eta9,quarter,same,anti,ccw,+,w,ne,anti,ccw,+,n,n,1
T,gamma1,zeta15,quarter,same,anti,ccw,+,w,ne,anti,ccw,-,n,w,1
T,gamma1,eta1,quarter,same,anti,ccw,-,w,nw,anti,ccw,+,n,n,1
T,gamma1,eta15,quarter,same,anti,ccw,-,w,nw,anti,ccw,-,n,w,1
T,gamma15,eta1,quarter,same,anti,cw,+,n,nw,anti,cw,+,w,n,1
T,gamma15,eta15,quarter,same,anti,cw,+,n,nw,anti,cw,-,w,w,1
T,gamma15,zeta1,quarter,same,anti,cw,-,n,sw,anti,cw,+,w,n,1
T,gamma15,eta7,quarter,same,anti,cw,-,n,sw,anti,cw,-,w,w,1
T,gamma9,eta9,quarter,same,anti,cw,+,e,ne,anti,cw,+,n,n,1
T,gamma9,zeta15,quarter,same,anti,cw,+,e,ne,anti,cw,-,n,w,1
T,gamma9,eta1,quarter,same,anti,cw,-,e,nw,anti,cw,+,n,n,1
T,gamma9,eta15,quarter,same,anti,cw,-,e,nw,anti,cw,-,n,w,1
T,gamma13,zeta1,quarter,same,anti,cw,+,w,sw,anti,cw,+,s,n,1
T,gamma13,eta7,quarter,same,anti,cw,+,w,sw,anti,cw,-,s,w,1
T,gamma13,zeta9,quarter,same,anti,cw,-,w,se,anti,cw,+,s,n,1
T,gamma13,zeta7,quarter,same,anti,cw,-,w,se,anti,cw,-,s,w,1
T,gamma11,zeta9,quarter,same,anti,cw,+,s,se,anti,cw,+,e,n,1
T,gamma11,zeta7,quarter,same,anti,cw,+,s,se,anti,cw,-,e,w,1
T,gamma11,eta9,quarter,same,anti,cw,-,s,ne,anti,cw,+,e,n,1
T,gamma11,zeta15,quarter,same,anti,cw,-,s,ne,anti,cw,-,e,w,1
T,gamma11,eta1,quarter,same,anti,ccw,+,s,nw,anti,ccw,+,e,n,1
T,gamma11,eta15,quarter,same,anti,ccw,+,s,nw,anti,ccw,-,e,w,1
T,gamma11,zeta1,quarter,same,anti,ccw,-,s,sw,anti,ccw,+,e,n,1
T,gamma11,eta7,quarter,same,anti,ccw,-,s,sw,anti,ccw,-,e,w,1
T,gamma13,eta9,quarter,same,anti,ccw,+,w,ne,anti,ccw,+,s,n,1
T,gamma13,zeta15,quarter,same,anti,ccw,+,w,ne,anti,ccw,-,s,w,1
T,gamma13,eta1,quarter,same,anti,ccw,-,w,nw,anti,ccw,+,s,n,1
T,gamma13,eta15,quarter,same,anti,ccw,-,w,nw,anti,ccw,-,s,w,1
T,gamma15,zeta9,quarter,same,anti,ccw,+,n,se,anti,ccw,+,w,n,1
T,gamma15,zeta7,quarter,same,anti,ccw,+,n,se,anti,ccw,-,w,w,1
T,gamma15,eta9,quarter,same,anti,ccw,-,n,ne,anti,ccw,+,w,n,1
T,gamma15,zeta15,quarter,same,anti,ccw,-,n,ne,anti,ccw,-,w,w,1
T,gamma9,zeta1,quarter,same,anti,ccw,+,e,sw,anti,ccw,+,n,n,1
T,gamma9,eta7,quarter,same,anti,ccw,+,e,sw,anti,ccw,-,n,w,1
T,gamma9,zeta9,quarter,same,anti,ccw,-,e,se,anti,ccw,+,n,n,1
T,gamma9,zeta7,quarter,same,anti,ccw,-,e,se,anti,ccw,-,n,w,1
T,gamma7,zeta9,quarter,same,anti,cw,+,s,se,anti,cw,+,w,n,1
T,gamma7,zeta7,quarter,same,anti,cw,+,s,se,anti,cw,-,w,w,1
T,gamma7,eta9,quarter,same,anti,cw,-,s,ne,anti,cw,+,w,n,1
T,gamma7,zeta15,quarter,same,anti,cw,-,s,ne,anti,cw,-,w,w,1
T,gamma1,zeta1,quarter,same,anti,cw,+,w,sw,anti,cw,+,n,n,1
T,gamma1,eta7,quarter,same,anti,cw,+,w,sw,anti,cw,-,n,w,1
T,gamma1,zeta9,quarter,same,anti,cw,-,w,se,anti,cw,+,n,n,1
T,gamma1,zeta7,quarter,same,anti,cw,-,w,se,anti,cw,-,n,w,1
T,gamma5,eta9,quarter,same,anti,cw,+,e,ne,anti,cw,+,s,n,1
T,gamma5,zeta15,quarter,same,anti,cw,+,e,ne,anti,cw,-,s,w,1
T,gamma5,eta1,quarter,same,anti,cw,-,e,nw,anti,cw,+,s,n,1
T,gamma5,eta15,quarter,same,anti,cw,-,e,nw,anti,cw,-,s,w,1
T,gamma3,eta1,quarter,same,anti,cw,+,n,nw,anti,cw,+,e,n,1
T,gamma3,eta15,quarter,same,anti,cw,+,n,nw,anti,cw,-,e,w,1
T,gamma3,zeta1,quarter,same,anti,cw,-,n,sw,anti,cw,+,e,n,1
T,gamma3,eta7,quarter,same,anti,cw,-,n,sw,anti,cw,-,e,w,1
U,gamma11,eta1,quarter,same,pro,cw,+,s,nw,anti,ccw,+,e,n,1
U,gamma11,eta15,quarter,same,pro,cw,+,s,nw,anti,ccw,-,e,w,1
U,gamma11,zeta1,quarter,same,pro,cw,-,s,sw,anti,ccw,+,e,n,1
U,gamma11,eta7,quarter,same,pro,cw,-,s,sw,anti,ccw,-,e,w,1
U,gamma13,eta9,quarter,same,pro,cw,+,w,ne,anti,ccw,+,s,n,1
U,gamma13,zeta15,quarter,same,pro,cw,+,w,ne,anti,ccw,-,s,w,1
U,gamma13,eta1,quarter,same,pro,cw,-,w,nw,anti,ccw,+,s,n,1
U,gamma13,eta15,quarter,same,pro,cw,-,w,nw,anti,ccw,-,s,w,1
U,gamma15,zeta9,quarter,same,pro,cw,+,n,se,anti,ccw,+,w,n,1
U,gamma15,zeta7,quarter,same,pro,cw,+,n,se,anti,ccw,-,w,w,1
U,gamma15,eta9,quarter,same,pro,cw,-,n,ne,anti,ccw,+,w,n,1
U,gamma15,zeta15,quarter,same,pro,cw,-,n,ne,anti,ccw,-,w,w,1
U,gamma9,zeta1,quarter,same,pro,cw,+,e,sw,anti,ccw,+,n,n,1
U,gamma9,eta7,quarter,same,pro,cw,+,e,sw,anti,ccw,-,n,w,1
U,gamma9,zeta9,quarter,same,pro,cw,-,e,se,anti,ccw,+,n,n,1
U,gamma9,zeta7,quarter,same,pro,cw,-,e,se,anti,ccw,-,n,w,1
U,gamma3,zeta9,quarter,same,anti,ccw,+,n,se,pro,cw,+,e,n,1
U,gamma3,zeta7,quarter,same,anti,ccw,+,n,se,pro,cw,-,e,w,1
U,gamma3,eta9,quarter,same,anti,ccw,-,n,ne,pro,cw,+,e,n,1
U,gamma3,zeta15,quarter,same,anti,ccw,-,n,ne,pro,cw,-,e,w,1
U,gamma5,zeta1,quarter,same,anti,ccw,+,e,sw,pro,cw,+,s,n,1
U,gamma5,eta7,quarter,same,anti,ccw,+,e,sw,pro,cw,-,s,w,1
U,gamma5,zeta9,quarter,same,anti,ccw,-,e,se,pro,cw,+,s,n,1
U,gamma5,zeta7,quarter,same,anti,ccw,-,e,se,pro,cw,-,s,w,1
U,gamma7,eta1,quarter,same,anti,ccw,+,s,nw,pro,cw,+,w,n,1
U,gamma7,eta15,quarter,same,anti,ccw,+,s,nw,pro,cw,-,w,w,1
U,gamma7,zeta1,quarter,same,anti,ccw,-,s,sw,pro,cw,+,w,n,1
U,gamma7,eta7,quarter,same,anti,ccw,-,s,sw,pro,cw,-,w,w,1
U,gamma1,eta9,quarter,same,anti,ccw,+,w,ne,pro,cw,+,n,n,1
U,gamma1,zeta15,quarter,same,anti,ccw,+,w,ne,pro,cw,-,n,w,1
U,gamma1,eta1,quarter,same,anti,ccw,-,w,nw,pro,cw,+,n,n,1
U,gamma1,eta15,quarter,same,anti,ccw,-,w,nw,pro,cw,-,n,w,1
U,gamma7,zeta9,quarter,same,pro,ccw,+,s,se,anti,cw,+,w,n,1
U,gamma7,zeta7,quarter,same,pro,ccw,+,s,se,anti,cw,-,w,w,1
U,gamma7,eta9,quarter,same,pro,ccw,-,s,ne,anti,cw,+,w,n,1
U,gamma7,zeta15,quarter,same,pro,ccw,-,s,ne,anti,cw,-,w,w,1
U,gamma1,zeta1,quarter,same,pro,ccw,+,w,sw,anti,cw,+,n,n,1
U,gamma1,eta7,quarter,same,pro,ccw,+,w,sw,anti,cw,-,n,w,1
U,gamma1,zeta9,quarter,same,pro,ccw,-,w,se,anti,cw,+,n,n,1
U,gamma1,zeta7,quarter,same,pro,ccw,-,w,se,anti,cw,-,n,w,1
U,gamma5,eta9,quarter,same,pro,ccw,+,e,ne,anti,cw,+,s,n,1
U,gamma5,zeta15,quarter,same,pro,ccw,+,e,ne,anti,cw,-,s,w,1
U,gamma5,eta1,quarter,same,pro,ccw,-,e,nw,anti,cw,+,s,n,1
U,gamma5,eta15,quarter,same,pro,ccw,-,e,nw,anti,cw,-,s,w,1
U,gamma3,eta1,quarter,same,pro,ccw,+,n,nw,anti,cw,+,e,n,1
U,gamma3,eta15,quarter,same,pro,ccw,+,n,nw,anti,cw,-,e,w,1
U,gamma3,zeta1,quarter,same,pro,ccw,-,n,sw,anti,cw,+,e,n,1
U,gamma3,eta7,quarter,same,pro,ccw,-,n,sw,anti,cw,-,e,w,1
U,gamma15,eta1,quarter,same,anti,cw,+,n,nw,pro,ccw,+,w,n,1
U,gamma15,eta15,quarter,same,anti,cw,+,n,nw,pro,ccw,-,w,w,1
U,gamma15,zeta1,quarter,same,anti,cw,-,n,sw,pro,ccw,+,w,n,1
U,gamma15,eta7,quarter,same,anti,cw,-,n,sw,pro,ccw,-,w,w,1
U,gamma9,eta9,quarter,same,anti,cw,+,e,ne,pro,ccw,+,n,n,1
U,gamma9,zeta15,quarter,same,anti,cw,+,e,ne,pro,ccw,-,n,w,1
U,gamma9,eta1,quarter,same,anti,cw,-,e,nw,pro,ccw,+,n,n,1
U,gamma9,eta15,quarter,same,anti,cw,-,e,nw,pro,ccw,-,n,w,1
U,gamma13,zeta1,quarter,same,anti,cw,+,w,sw,pro,ccw,+,s,n,1
U,gamma13,eta7,quarter,same,anti,cw,+,w,sw,pro,ccw,-,s,w,1
U,gamma13,zeta9,quarter,same,anti,cw,-,w,se,pro,ccw,+,s,n,1
U,gamma13,zeta7,quarter,same,anti,cw,-,w,se,pro,ccw,-,s,w,1
U,gamma11,zeta9,quarter,same,anti,cw,+,s,se,pro,ccw,+,e,n,1
U,gamma11,zeta7,quarter,same,anti,cw,+,s,se,pro,ccw,-,e,w,1
U,gamma11,eta9,quarter,same,anti,cw,-,s,ne,pro,ccw,+,e,n,1
U,gamma11,zeta15,quarter,same,anti,cw,-,s,ne,pro,ccw,-,e,w,1
V,gamma11,eta1,quarter,same,anti,ccw,+,s,nw,pro,cw,+,e,n,1
V,gamma11,eta15,quarter,same,anti,ccw,+,s,nw,pro,cw,-,e,w,1
V,gamma11,zeta1,quarter,same,anti,ccw,-,s,sw,pro,cw,+,e,n,1
V,gamma11,eta7,quarter,same,anti,ccw,-,s,sw,pro,cw,-,e,w,1
V,gamma13,eta9,quarter,same,anti,ccw,+,w,ne,pro,cw,+,s,n,1
V,gamma13,zeta15,quarter,same,anti,ccw,+,w,ne,pro,cw,-,s,w,1
V,gamma13,eta1,quarter,same,anti,ccw,-,w,nw,pro,cw,+,s,n,1
V,gamma13,eta15,quarter,same,anti,ccw,-,w,nw,pro,cw,-,s,w,1
V,gamma15,zeta9,quarter,same,anti,ccw,+,n,se,pro,cw,+,w,n,1
V,gamma15,zeta7,quarter,same,anti,ccw,+,n,se,pro,cw,-,w,w,1
V,gamma15,eta9,quarter,same,anti,ccw,-,n,ne,pro,cw,+,w,n,1
V,gamma15,zeta15,quarter,same,anti,ccw,-,n,ne,pro,cw,-,w,w,1
V,gamma9,zeta1,quarter,same,anti,ccw,+,e,sw,pro,cw,+,n,n,1
V,gamma9,eta7,quarter,same,anti,ccw,+,e,sw,pro,cw,-,n,w,1
V,gamma9,zeta9,quarter,same,anti,ccw,-,e,se,pro,cw,+,n,n,1
V,gamma9,zeta7,quarter,same,anti,ccw,-,e,se,pro,cw,-,n,w,1
V,gamma3,zeta9,quarter,same,pro,cw,+,n,se,anti,ccw,+,e,n,1
V,gamma3,zeta7,quarter,same,pro,cw,+,n,se,anti,ccw,-,e,w,1
V,gamma3,eta9,quarter,same,pro,cw,-,n,ne,anti,ccw,+,e,n,1
V,gamma3,zeta15,quarter,same,pro,cw,-,n,ne,anti,ccw,-,e,w,1
V,gamma5,zeta1,quarter,same,pro,cw,+,e,sw,anti,ccw,+,s,n,1
V,gamma5,eta7,quarter,same,pro,cw,+,e,sw,anti,ccw,-,s,w,1
V,gamma5,zeta9,quarter,same,pro,cw,-,e,se,anti,ccw,+,s,n,1
V,gamma5,zeta7,quarter,same,pro,cw,-,e,se,anti,ccw,-,s,w,1
V,gamma7,eta1,quarter,same,pro,cw,+,s,nw,anti,ccw,+,w,n,1
V,gamma7,eta15,quarter,same,pro,cw,+,s,nw,anti,ccw,-,w,w,1
V,gamma7,zeta1,quarter,same,pro,cw,-,s,sw,anti,ccw,+,w,n,1
V,gamma7,eta7,quarter,same,pro,cw,-,s,sw,anti,ccw,-,w,w,1
V,gamma1,eta9,quarter,same,pro,cw,+,w,ne,anti,ccw,+,n,n,1
V,gamma1,zeta15,quarter,same,pro,cw,+,w,ne,anti,ccw,-,n,w,1
V,gamma1,eta1,quarter,same,pro,cw,-,w,nw,anti,ccw,+,n,n,1
V,gamma1,eta15,quarter,same,pro,cw,-,w,nw,anti,ccw,-,n,w,1
V,gamma7,zeta9,quarter,same,anti,cw,+,s,se,pro,ccw,+,w,n,1
V,gamma7,zeta7,quarter,same,anti,cw,+,s,se,pro,ccw,-,w,w,1
V,gamma7,eta9,quarter,same,anti,cw,-,s,ne,pro,ccw,+,w,n,1
V,gamma7,zeta15,quarter,same,anti,cw,-,s,ne,pro,ccw,-,w,w,1
V,gamma1,zeta1,quarter,same,anti,cw,+,w,sw,pro,ccw,+,n,n,1
V,gamma1,eta7,quarter,same,anti,cw,+,w,sw,pro,ccw,-,n,w,1
V,gamma1,zeta9,quarter,same,anti,cw,-,w,se,pro,ccw,+,n,n,1
V,gamma1,zeta7,quarter,same,anti,cw,-,w,se,pro,ccw,-,n,w,1
V,gamma5,eta9,quarter,same,anti,cw,+,e,ne,pro,ccw,+,s,n,1
V,gamma5,zeta15,quarter,same,anti,cw,+,e,ne,pro,ccw,-,s,w,1
V,gamma5,eta1,quarter,same,anti,cw,-,e,nw,pro,ccw,+,s,n,1
V,gamma5,eta15,quarter,same,anti,cw,-,e,nw,pro,ccw,-,s,w,1
V,gamma3,eta1,quarter,same,anti,cw,+,n,nw,pro,ccw,+,e,n,1
V,gamma3,eta15,quarter,same,anti,cw,+,n,nw,pro,ccw,-,e,w,1
V,gamma3,zeta1,quarter,same,anti,cw,-,n,sw,pro,ccw,+,e,n,1
V,gamma3,eta7,quarter,same,anti,cw,-,n,sw,pro,ccw,-,e,w,1
V,gamma15,eta1,quarter,same,pro,ccw,+,n,nw,anti,cw,+,w,n,1
V,gamma15,eta15,quarter,same,pro,ccw,+,n,nw,anti,cw,-,w,w,1
V,gamma15,zeta1,quarter,same,pro,ccw,-,n,sw,anti,cw,+,w,n,1
V,gamma15,eta7,quarter,same,pro,ccw,-,n,sw,anti,cw,-,w,w,1
V,gamma9,eta9,quarter,same,pro,ccw,+,e,ne,anti,cw,+,n,n,1
V,gamma9,zeta15,quarter,same,pro,ccw,+,e,ne,anti,cw,-,n,w,1
V,gamma9,eta1,quarter,same,pro,ccw,-,e,nw,anti,cw,+,n,n,1
V,gamma9,eta15,quarter,same,pro,ccw,-,e,nw,anti,cw,-,n,w,1
V,gamma13,zeta1,quarter,same,pro,ccw,+,w,sw,anti,cw,+,s,n,1
V,gamma13,eta7,quarter,same,pro,ccw,+,w,sw,anti,cw,-,s,w,1
V,gamma13,zeta9,quarter,same,pro,ccw,-,w,se,anti,cw,+,s,n,1
V,gamma13,zeta7,quarter,same,pro,ccw,-,w,se,anti,cw,-,s,w,1
V,gamma11,zeta9,quarter,same,pro,ccw,+,s,se,anti,cw,+,e,n,1
V,gamma11,zeta7,quarter,same,pro,ccw,+,s,se,anti,cw,-,e,w,1
V,gamma11,eta9,quarter,same,pro,ccw,-,s,ne,anti,cw,+,e,n,1
V,gamma11,zeta15,quarter,same,pro,ccw,-,s,ne,anti,cw,-,e,w,1
A,alpha2,beta1,split,same,pro,cw,+,sw,n,pro,cw,+,ne,n,2
A,alpha2,gamma15,split,same,pro,cw,+,sw,n,pro,cw,-,ne,w,2
A,alpha2,gamma1,split,same,pro,cw,-,sw,w,pro,cw,+,ne,n,2
A,alpha2,beta7,split,same,pro,cw,-,sw,w,pro,cw,-,ne,w,2
A,alpha4,gamma9,split,same,pro,cw,+,nw,e,pro,cw,+,se,n,2
A,alpha4,alpha7,split,same,pro,cw,+,nw,e,pro,cw,-,se,w,2
A,alpha4,beta1,split,same,pro,cw,-,nw,n,pro,cw,+,se,n,2
A,alpha4,gamma15,split,same,pro,cw,-,nw,n,pro,cw,-,se,w,2
A,alpha6,alpha1,split,same,pro,cw,+,ne,s,pro,cw,+,sw,n,2
A,alpha6,gamma7,split,same,pro,cw,+,ne,s,pro,cw,-,sw,w,2
A,alpha6,gamma9,split,same,pro,cw,-,ne,e,pro,cw,+,sw,n,2
A,alpha6,alpha7,split,same,pro,cw,-,ne,e,pro,cw,-,sw,w,2
A,alpha8,gamma1,split,same,pro,cw,+,se,w,pro,cw,+,nw,n,2
A,alpha8,beta7,split,same,pro,cw,+,se,w,pro,cw,-,nw,w,2
A,alpha8,alpha1,split,same,pro,cw,-,se,s,pro,cw,+,nw,n,2
A,alpha8,gamma7,split,same,pro,cw,-,se,s,pro,cw,-,nw,w,2
A,alpha2,alpha1,split,same,pro,ccw,+,sw,s,pro,ccw,+,ne,n,2
A,alpha2,gamma7,split,same,pro,ccw,+,sw,s,pro,ccw,-,ne,w,2
A,alpha2,gamma9,split,same,pro,ccw,-,sw,e,pro,ccw,+,ne,n,2
A,alpha2,alpha7,split,same,pro,ccw,-,sw,e,pro,ccw,-,ne,w,2
A,alpha8,gamma9,split,same,pro,ccw,+,se,e,pro,ccw,+,nw,n,2
A,alpha8,alpha7,split,same,pro,ccw,+,se,e,pro,ccw,-,nw,w,2
A,alpha8,beta1,split,same,pro,ccw,-,se,n,pro,ccw,+,nw,n,2
A,alpha8,gamma15,split,same,pro,ccw,-,se,n,pro,ccw,-,nw,w,2
A,alpha6,beta1,split,same,pro,ccw,+,ne,n,pro,ccw,+,sw,n,2
A,alpha6,gamma15,split,same,pro,ccw,+,ne,n,pro,ccw,-,sw,w,2
A,alpha6,gamma1,split,same,pro,ccw,-,ne,w,pro,ccw,+,sw,n,2
A,alpha6,beta7,split,same,pro,ccw,-,ne,w,pro,ccw,-,sw,w,2
A,alpha4,gamma1,split,same,pro,ccw,+,nw,w,pro,ccw,+,se,n,2
A,alpha4,beta7,split,same,pro,ccw,+,nw,w,pro,ccw,-,se,w,2
A,alpha4,alpha1,split,same,pro,ccw,-,nw,s,pro,ccw,+,se,n,2
A,alpha4,gamma7,split,same,pro,ccw,-,nw,s,pro,ccw,-,se,w,2
B,alpha2,beta1,split,same,anti,ccw,+,sw,n,anti,ccw,+,ne,n,2
B,alpha2,gamma15,split,same,anti,ccw,+,sw,n,anti,ccw,-,ne,w,2
B,alpha2,gamma1,split,same,anti,ccw,-,sw,w,anti,ccw,+,ne,n,2
B,alpha2,beta7,split,same,anti,ccw,-,sw,w,anti,ccw,-,ne,w,2
B,alpha4,gamma9,split,same,anti,ccw,+,nw,e,anti,ccw,+,se,n,2
B,alpha4,alpha7,split,same,anti,ccw,+,nw,e,anti,ccw,-,se,w,2
B,alpha4,beta1,split,same,anti,ccw,-,nw,n,anti,ccw,+,se,n,2
B,alpha4,gamma15,split,same,anti,ccw,-,nw,n,anti,ccw,-,se,w,2
B,alpha6,alpha1,split,same,anti,ccw,+,ne,s,anti,ccw,+,sw,n,2
B,alpha6,gamma7,split,same,anti,ccw,+,ne,s,anti,ccw,-,sw,w,2
B,alpha6,gamma9,split,same,anti,ccw,-,ne,e,anti,ccw,+,sw,n,2
B,alpha6,alpha7,split,same,anti,ccw,-,ne,e,anti,ccw,-,sw,w,2
B,alpha8,gamma1,split,same,anti,ccw,+,se,w,anti,ccw,+,nw,n,2
B,alpha8,beta7,split,same,anti,ccw,+,se,w,anti,ccw,-,nw,w,2
B,alpha8,alpha1,split,same,anti,ccw,-,se,s,anti,ccw,+,nw,n,2
B,alpha8,gamma7,split,same,anti,ccw,-,se,s,anti,ccw,-,nw,w,2
B,alpha2,alpha1,split,same,anti,cw,+,sw,s,anti,cw,+,ne,n,2
B,alpha2,gamma7,split,same,anti,cw,+,sw,s,anti,cw,-,ne,w,2
B,alpha2,gamma9,split,same,anti,cw,-,sw,e,anti,cw,+,ne,n,2
B,alpha2,alpha7,split,same,anti,cw,-,sw,e,anti,cw,-,ne,w,2
B,alpha8,gamma9,split,same,anti,cw,+,se,e,anti,cw,+,nw,n,2
B,alpha8,alpha7,split,same,anti,cw,+,se,e,anti,cw,-,nw,w,2
B,alpha8,beta1,split,same,anti,cw,-,se,n,anti,cw,+,nw,n,2
B,alpha8,gamma15,split,same,anti,cw,-,se,n,anti,cw,-,nw,w,2
B,alpha6,beta1,split,same,anti,cw,+,ne,n,anti,cw,+,sw,n,2
B,alpha6,gamma15,split,same,anti,cw,+,ne,n,anti,cw,-,sw,w,2
B,alpha6,gamma1,split,same,anti,cw,-,ne,w,anti,cw,+,sw,n,2
B,alpha6,beta7,split,same,anti,cw,-,ne,w,anti,cw,-,sw,w,2
B,alpha4,gamma1,split,same,anti,cw,+,nw,w,anti,cw,+,se,n,2
B,alpha4,beta7,split,same,anti,cw,+,nw,w,anti,cw,-,se,w,2
B,alpha4,alpha1,split,same,anti,cw,-,nw,s,anti,cw,+,se,n,2
B,alpha4,gamma7,split,same,anti,cw,-,nw,s,anti,cw,-,se,w,2
C,alpha2,beta1,split,same,anti,ccw,+,sw,n,pro,cw,+,ne,n,2
C,alpha2,gamma15,split,same,anti,ccw,+,sw,n,pro,cw,-,ne,w,2
C,alpha2,gamma1,split,same,anti,ccw,-,sw,w,pro,cw,+,ne,n,2
C,alpha2,beta7,split,same,anti,ccw,-,sw,w,pro,cw,-,ne,w,2
C,alpha4,gamma9,split,same,anti,ccw,+,nw,e,pro,cw,+,se,n,2
C,alpha4,alpha7,split,same,anti,ccw,+,nw,e,pro,cw,-,se,w,2
C,alpha4,beta1,split,same,anti,ccw,-,nw,n,pro,cw,+,se,n,2
C,alpha4,gamma15,split,same,anti,ccw,-,nw,n,pro,cw,-,se,w,2
C,alpha6,alpha1,split,same,anti,ccw,+,ne,s,pro,cw,+,sw,n,2
C,alpha6,gamma7,split,same,anti,ccw,+,ne,s,pro,cw,-,sw,w,2
C,alpha6,gamma9,split,same,anti,ccw,-,ne,e,pro,cw,+,sw,n,2
C,alpha6,alpha7,split,same,anti,ccw,-,ne,e,pro,cw,-,sw,w,2
C,alpha8,gamma1,split,same,anti,ccw,+,se,w,pro,cw,+,nw,n,2
C,alpha8,beta7,split,same,anti,ccw,+,se,w,pro,cw,-,nw,w,2
C,alpha8,alpha1,split,same,anti,ccw,-,se,s,pro,cw,+,nw,n,2
C,alpha8,gamma7,split,same,anti,ccw,-,se,s,pro,cw,-,nw,w,2
C,alpha2,alpha1,split,same,anti,cw,+,sw,s,pro,ccw,+,ne,n,2
C,alpha2,gamma7,split,same,anti,cw,+,sw,s,pro,ccw,-,ne,w,2
C,alpha2,gamma9,split,same,anti,cw,-,sw,e,pro,ccw,+,ne,n,2
C,alpha2,alpha7,split,same,anti,cw,-,sw,e,pro,ccw,-,ne,w,2
C,alpha8,gamma9,split,same,anti,cw,+,se,e,pro,ccw,+,nw,n,2
C,alpha8,alpha7,split,same,anti,cw,+,se,e,pro,ccw,-,nw,w,2
C,alpha8,beta1,split,same,anti,cw,-,se,n,pro,ccw,+,nw,n,2
C,alpha8,gamma15,split,same,anti,cw,-,se,n,pro,ccw,-,nw,w,2
C,alpha6,beta1,split,same,anti,cw,+,ne,n,pro,ccw,+,sw,n,2
C,alpha6,gamma15,split,same,anti,cw,+,ne,n,pro,ccw,-,sw,w,2
C,alpha6,gamma1,split,same,anti,cw,-,ne,w,pro,ccw,+,sw,n,2
C,alpha6,beta7,split,same,anti,cw,-,ne,w,pro,ccw,-,sw,w,2
C,alpha4,gamma1,split,same,anti,cw,+,nw,w,pro,ccw,+,se,n,2
C,alpha4,beta7,split,same,anti,cw,+,nw,w,pro,ccw,-,se,w,2
C,alpha4,alpha1,split,same,anti,cw,-,nw,s,pro,ccw,+,se,n,2
C,alpha4,gamma7,split,same,anti,cw,-,nw,s,pro,ccw,-,se,w,2
C,alpha2,beta1,split,same,pro,cw,+,sw,n,anti,ccw,+,ne,n,2
C,alpha2,gamma15,split,same,pro,cw,+,sw,n,anti,ccw,-,ne,w,2
C,alpha2,gamma1,split,same,pro,cw,-,sw,w,anti,ccw,+,ne,n,2
C,alpha2,beta7,split,same,pro,cw,-,sw,w,anti,ccw,-,ne,w,2
C,alpha4,gamma9,split,same,pro,cw,+,nw,e,anti,ccw,+,se,n,2
C,alpha4,alpha7,split,same,pro,cw,+,nw,e,anti,ccw,-,se,w,2
C,alpha4,beta1,split,same,pro,cw,-,nw,n,anti,ccw,+,se,n,2
C,alpha4,gamma15,split,same,pro,cw,-,nw,n,anti,ccw,-,se,w,2
C,alpha6,alpha1,split,same,pro,cw,+,ne,s,anti,ccw,+,sw,n,2
C,alpha6,gamma7,split,same,pro,cw,+,ne,s,anti,ccw,-,sw,w,2
C,alpha6,gamma9,split,same,pro,cw,-,ne,e,anti,ccw,+,sw,n,2
C,alpha6,alpha7,split,same,pro,cw,-,ne,e,anti,ccw,-,sw,w,2
C,alpha8,gamma1,split,same,pro,cw,+,se,w,anti,ccw,+,nw,n,2
C,alpha8,beta7,split,same,pro,cw,+,se,w,anti,ccw,-,nw,w,2
C,alpha8,alpha1,split,same,pro,cw,-,se,s,anti,ccw,+,nw,n,2
C,alpha8,gamma7,split,same,pro,cw,-,se,s,anti,ccw,-,nw,w,2
C,alpha2,alpha1,split,same,pro,ccw,+,sw,s,anti,cw,+,ne,n,2
C,alpha2,gamma7,split,same,pro,ccw,+,sw,s,anti,cw,-,ne,w,2
C,alpha2,gamma9,split,same,pro,ccw,-,sw,e,anti,cw,+,ne,n,2
C,alpha2,alpha7,split,same,pro,ccw,-,sw,e,anti,cw,-,ne,w,2
C,alpha8,gamma9,split,same,pro,ccw,+,se,e,anti,cw,+,nw,n,2
C,alpha8,alpha7,split,same,pro,ccw,+,se,e,anti,cw,-,nw,w,2
C,alpha8,beta1,split,same,pro,ccw,-,se,n,anti,cw,+,nw,n,2
C,alpha8,gamma15,split,same,pro,ccw,-,se,n,anti,cw,-,nw,w,2
C,alpha6,beta1,split,same,pro,ccw,+,ne,n,anti,cw,+,sw,n,2
C,alpha6,gamma15,split,same,pro,ccw,+,ne,n,anti,cw,-,sw,w,2
C,alpha6,gamma1,split,same,pro,ccw,-,ne,w,anti,cw,+,sw,n,2
C,alpha6,beta7,split,same,pro,ccw,-,ne,w,anti,cw,-,sw,w,2
C,alpha4,gamma1,split,same,pro,ccw,+,nw,w,anti,cw,+,se,n,2
C,alpha4,beta7,split,same,pro,ccw,+,nw,w,anti,cw,-,se,w,2
C,alpha4,alpha1,split,same,pro,ccw,-,nw,s,anti,cw,+,se,n,2
C,alpha4,gamma7,split,same,pro,ccw,-,nw,s,anti,cw,-,se,w,2
D,beta2,beta1,split,opp,pro,ccw,+,ne,n,pro,cw,+,ne,n,2
D,beta2,gamma15,split,opp,pro,ccw,+,ne,n,pro,cw,-,ne,w,2
D,beta2,gamma1,split,opp,pro,ccw,-,ne,w,pro,cw,+,ne,n,2
D,beta2,beta7,split,opp,pro,ccw,-,ne,w,pro,cw,-,ne,w,2
D,beta4,gamma9,split,opp,pro,ccw,+,se,e,pro,cw,+,se,n,2
D,beta4,alpha7,split,opp,pro,ccw,+,se,e,pro,cw,-,se,w,2
D,beta4,beta1,split,opp,pro,ccw,-,se,n,pro,cw,+,se,n,2
D,beta4,gamma15,split,opp,pro,ccw,-,se,n,pro,cw,-,se,w,2
D,beta6,alpha1,split,opp,pro,ccw,+,sw,s,pro,cw,+,sw,n,2
D,beta6,gamma7,split,opp,pro,ccw,+,sw,s,pro,cw,-,sw,w,2
D,beta6,gamma9,split,opp,pro,ccw,-,sw,e,pro,cw,+,sw,n,2
D,beta6,alpha7,split,opp,pro,ccw,-,sw,e,pro,cw,-,sw,w,2
D,beta8,gamma1,split,opp,pro,ccw,+,nw,w,pro,cw,+,nw,n,2
D,beta8,beta7,split,opp,pro,ccw,+,nw,w,pro,cw,-,nw,w,2
D,beta8,alpha1,split,opp,pro,ccw,-,nw,s,pro,cw,+,nw,n,2
D,beta8,gamma7,split,opp,pro,ccw,-,nw,s,pro,cw,-,nw,w,2
D,beta2,alpha1,split,opp,pro,cw,+,ne,s,pro,ccw,+,ne,n,2
D,beta2,gamma7,split,opp,pro,cw,+,ne,s,pro,ccw,-,ne,w,2
D,beta2,gamma9,split,opp,pro,cw,-,ne,e,pro,ccw,+,ne,n,2
D,beta2,alpha7,split,opp,pro,cw,-,ne,e,pro,ccw,-,ne,w,2
D,beta4,gamma1,split,opp,pro,cw,+,se,w,pro,ccw,+,se,n,2
D,beta4,beta7,split,opp,pro,cw,+,se,w,pro,ccw,-,se,w,2
D,beta4,alpha1,split,opp,pro,cw,-,se,s,pro,ccw,+,se,n,2
D,beta4,gamma7,split,opp,pro,cw,-,se,s,pro,ccw,-,se,w,2
D,beta6,beta1,split,opp,pro,cw,+,sw,n,pro,ccw,+,sw,n,2
D,beta6,gamma15,split,opp,pro,cw,+,sw,n,pro,ccw,-,sw,w,2
D,beta6,gamma1,split,opp,pro,cw,-,sw,w,pro,ccw,+,sw,n,2
D,beta6,beta7,split,opp,pro,cw,-,sw,w,pro,ccw,-,sw,w,2
D,beta8,gamma9,split,opp,pro,cw,+,nw,e,pro,ccw,+,nw,n,2
D,beta8,alpha7,split,opp,pro,cw,+,nw,e,pro,ccw,-,nw,w,2
D,beta8,beta1,split,opp,pro,cw,-,nw,n,pro,ccw,+,nw,n,2
D,beta8,gamma15,split,opp,pro,cw,-,nw,n,pro,ccw,-,nw,w,2
E,beta2,beta1,split,opp,anti,cw,+,ne,n,anti,ccw,+,ne,n,2
E,beta2,gamma15,split,opp,anti,cw,+,ne,n,anti,ccw,-,ne,w,2
E,beta2,gamma1,split,opp,anti,cw,-,ne,w,anti,ccw,+,ne,n,2
E,beta2,beta7,split,opp,anti,cw,-,ne,w,anti,ccw,-,ne,w,2
E,beta4,gamma9,split,opp,anti,cw,+,se,e,anti,ccw,+,se,n,2
E,beta4,alpha7,split,opp,anti,cw,+,se,e,anti,ccw,-,se,w,2
E,beta4,beta1,split,opp,anti,cw,-,se,n,anti,ccw,+,se,n,2
E,beta4,gamma15,split,opp,anti,cw,-,se,n,anti,ccw,-,se,w,2
E,beta6,alpha1,split,opp,anti,cw,+,sw,s,anti,ccw,+,sw,n,2
E,beta6,gamma7,split,opp,anti,cw,+,sw,s,anti,ccw,-,sw,w,2
E,beta6,gamma9,split,opp,anti,cw,-,sw,e,anti,ccw,+,sw,n,2
E,beta6,alpha7,split,opp,anti,cw,-,sw,e,anti,ccw,-,sw,w,2
E,beta8,gamma1,split,opp,anti,cw,+,nw,w,anti,ccw,+,nw,n,2
E,beta8,beta7,split,opp,anti,cw,+,nw,w,anti,ccw,-,nw,w,2
E,beta8,alpha1,split,opp,anti,cw,-,nw,s,anti,ccw,+,nw,n,2
E,beta8,gamma7,split,opp,anti,cw,-,nw,s,anti,ccw,-,nw,w,2
E,beta2,alpha1,split,opp,anti,ccw,+,ne,s,anti,cw,+,ne,n,2
E,beta2,gamma7,split,opp,anti,ccw,+,ne,s,anti,cw,-,ne,w,2
E,beta2,gamma9,split,opp,anti,ccw,-,ne,e,anti,cw,+,ne,n,2
E,beta2,alpha7,split,opp,anti,ccw,-,ne,e,anti,cw,-,ne,w,2
E,beta4,gamma1,split,opp,anti,ccw,+,se,w,anti,cw,+,se,n,2
E,beta4,beta7,split,opp,anti,ccw,+,se,w,anti,cw,-,se,w,2
E,beta4,alpha1,split,opp,anti,ccw,-,se,s,anti,cw,+,se,n,2
E,beta4,gamma7,split,opp,anti,ccw,-,se,s,anti,cw,-,se,w,2
E,beta6,beta1,split,opp,anti,ccw,+,sw,n,anti,cw,+,sw,n,2
E,beta6,gamma15,split,opp,anti,ccw,+,sw,n,anti,cw,-,sw,w,2
E,beta6,gamma1,split,opp,anti,ccw,-,sw,w,anti,cw,+,sw,n,2
E,beta6,beta7,split,opp,anti,ccw,-,sw,w,anti,cw,-,sw,w,2
E,beta8,gamma9,split,opp,anti,ccw,+,nw,e,anti,cw,+,nw,n,2
E,beta8,alpha7,split,opp,anti,ccw,+,nw,e,anti,cw,-,nw,w,2
E,beta8,beta1,split,opp,anti,ccw,-,nw,n,anti,cw,+,nw,n,2
E,beta8,gamma15,split,opp,anti,ccw,-,nw,n,anti,cw,-,nw,w,2
F,beta2,beta1,split,opp,anti,cw,+,ne,n,pro,cw,+,ne,n,2
F,beta2,gamma15,split,opp,anti,cw,+,ne,n,pro,cw,-,ne,w,2
F,beta2,gamma1,split,opp,anti,cw,-,ne,w,pro,cw,+,ne,n,2
F,beta2,beta7,split,opp,anti,cw,-,ne,w,pro,cw,-,ne,w,2
F,beta4,gamma9,split,opp,anti,cw,+,se,e,pro,cw,+,se,n,2
F,beta4,alpha7,split,opp,anti,cw,+,se,e,pro,cw,-,se,w,2
F,beta4,beta1,split,opp,anti,cw,-,se,n,pro,cw,+,se,n,2
F,beta4,gamma15,split,opp,anti,cw,-,se,n,pro,cw,-,se,w,2
F,beta6,alpha1,split,opp,anti,cw,+,sw,s,pro,cw,+,sw,n,2
F,beta6,gamma7,split,opp,anti,cw,+,sw,s,pro,cw,-,sw,w,2
F,beta6,gamma9,split,opp,anti,cw,-,sw,e,pro,cw,+,sw,n,2
F,beta6,alpha7,split,opp,anti,cw,-,sw,e,pro,cw,-,sw,w,2
F,beta8,gamma1,split,opp,anti,cw,+,nw,w,pro,cw,+,nw,n,2
F,beta8,beta7,split,opp,anti,cw,+,nw,w,pro,cw,-,nw,w,2
F,beta8,alpha1,split,opp,anti,cw,-,nw,s,pro,cw,+,nw,n,2
F,beta8,gamma7,split,opp,anti,cw,-,nw,s,pro,cw,-,nw,w,2
F,beta2,alpha1,split,opp,anti,ccw,+,ne,s,pro,ccw,+,ne,n,2
F,beta2,gamma7,split,opp,anti,ccw,+,ne,s,pro,ccw,-,ne,w,2
F,beta2,gamma9,split,opp,anti,ccw,-,ne,e,pro,ccw,+,ne,n,2
F,beta2,alpha7,split,opp,anti,ccw,-,ne,e,pro,ccw,-,ne,w,2
F,beta4,gamma1,split,opp,anti,ccw,+,se,w,pro,ccw,+,se,n,2
F,beta4,beta7,split,opp,anti,ccw,+,se,w,pro,ccw,-,se,w,2
F,beta4,alpha1,split,opp,anti,ccw,-,se,s,pro,ccw,+,se,n,2
F,beta4,gamma7,split,opp,anti,ccw,-,se,s,pro,ccw,-,se,w,2
F,beta6,beta1,split,opp,anti,ccw,+,sw,n,pro,ccw,+,sw,n,2
F,beta6,gamma15,split,opp,anti,ccw,+,sw,n,pro,ccw,-,sw,w,2
F,beta6,gamma1,split,opp,anti,ccw,-,sw,w,pro,ccw,+,sw,n,2
F,beta6,beta7,split,opp,anti,ccw,-,sw,w,pro,ccw,-,sw,w,2
F,beta8,gamma9,split,opp,anti,ccw,+,nw,e,pro,ccw,+,nw,n,2
F,beta8,alpha7,split,opp,anti,ccw,+,nw,e,pro,ccw,-,nw,w,2
F,beta8,beta1,split,opp,anti,ccw,-,nw,n,pro,ccw,+,nw,n,2
F,beta8,gamma15,split,opp,anti,ccw,-,nw,n,pro,ccw,-,nw,w,2
F,beta2,beta1,split,opp,pro,ccw,+,ne,n,anti,ccw,+,ne,n,2
F,beta2,gamma15,split,opp,pro,ccw,+,ne,n,anti,ccw,-,ne,w,2
F,beta2,gamma1,split,opp,pro,ccw,-,ne,w,anti,ccw,+,ne,n,2
F,beta2,beta7,split,opp,pro,ccw,-,ne,w,anti,ccw,-,ne,w,2
F,beta4,gamma9,split,opp,pro,ccw,+,se,e,anti,ccw,+,se,n,2
F,beta4,alpha7,split,opp,pro,ccw,+,se,e,anti,ccw,-,se,w,2
F,beta4,beta1,split,opp,pro,ccw,-,se,n,anti,ccw,+,se,n,2
F,beta4,gamma15,split,opp,pro,ccw,-,se,n,anti,ccw,-,se,w,2
F,beta6,alpha1,split,opp,pro,ccw,+,sw,s,anti,ccw,+,sw,n,2
F,beta6,gamma7,split,opp,pro,ccw,+,sw,s,anti,ccw,-,sw,w,2
F,beta6,gamma9,split,opp,pro,ccw,-,sw,e,anti,ccw,+,sw,n,2
F,beta6,alpha7,split,opp,pro,ccw,-,sw,e,anti,ccw,-,sw,w,2
F,beta8,gamma1,split,opp,pro,ccw,+,nw,w,anti,ccw,+,nw,n,2
F,beta8,beta7,split,opp,pro,ccw,+,nw,w,anti,ccw,-,nw,w,2
F,beta8,alpha1,split,opp,pro,ccw,-,nw,s,anti,ccw,+,nw,n,2
F,beta8,gamma7,split,opp,pro,ccw,-,nw,s,anti,ccw,-,nw,w,2
F,beta2,alpha1,split,opp,pro,cw,+,ne,s,anti,cw,+,ne,n,2
F,beta2,gamma7,split,opp,pro,cw,+,ne,s,anti,cw,-,ne,w,2
F,beta2,gamma9,split,opp,pro,cw,-,ne,e,anti,cw,+,ne,n,2
F,beta2,alpha7,split,opp,pro,cw,-,ne,e,anti,cw,-,ne,w,2
F,beta4,gamma1,split,opp,pro,cw,+,se,w,anti,cw,+,se,n,2
F,beta4,beta7,split,opp,pro,cw,+,se,w,anti,cw,-,se,w,2
F,beta4,alpha1,split,opp,pro,cw,-,se,s,anti,cw,+,se,n,2
F,beta4,gamma7,split,opp,pro,cw,-,se,s,anti,cw,-,se,w,2
F,beta6,beta1,split,opp,pro,cw,+,sw,n,anti,cw,+,sw,n,2
F,beta6,gamma15,split,opp,pro,cw,+,sw,n,anti,cw,-,sw,w,2
F,beta6,gamma1,split,opp,pro,cw,-,sw,w,anti,cw,+,sw,n,2
F,beta6,beta7,split,opp,pro,cw,-,sw,w,anti,cw,-,sw,w,2
F,beta8,gamma9,split,opp,pro,cw,+,nw,e,anti,cw,+,nw,n,2
F,beta8,alpha7,split,opp,pro,cw,+,nw,e,anti,cw,-,nw,w,2
F,beta8,beta1,split,opp,pro,cw,-,nw,n,anti,cw,+,nw,n,2
F,beta8,gamma15,split,opp,pro,cw,-,nw,n,anti,cw,-,nw,w,2
G,beta2,alpha1,tog,same,pro,cw,+,ne,s,pro,cw,+,ne,n,2
G,beta2,gamma7,tog,same,pro,cw,+,ne,s,pro,cw,-,ne,w,2
G,beta2,gamma9,tog,same,pro,cw,-,ne,e,pro,cw,+,ne,n,2
G,beta2,alpha7,tog,same,pro,cw,-,ne,e,pro,cw,-,ne,w,2
G,beta4,gamma1,tog,same,pro,cw,+,se,w,pro,cw,+,se,n,2
G,beta4,beta7,tog,same,pro,cw,+,se,w,pro,cw,-,se,w,2
G,beta4,alpha1,tog,same,pro,cw,-,se,s,pro,cw,+,se,n,2
G,beta4,gamma7,tog,same,pro,cw,-,se,s,pro,cw,-,se,w,2
G,beta6,beta1,tog,same,pro,cw,+,sw,n,pro,cw,+,sw,n,2
G,beta6,gamma15,tog,same,pro,cw,+,sw,n,pro,cw,-,sw,w,2
G,beta6,gamma1,tog,same,pro,cw,-,sw,w,pro,cw,+,sw,n,2
G,beta6,beta7,tog,same,pro,cw,-,sw,w,pro,cw,-,sw,w,2
G,beta8,gamma9,tog,same,pro,cw,+,nw,e,pro,cw,+,nw,n,2
G,beta8,alpha7,tog,same,pro,cw,+,nw,e,pro,cw,-,nw,w,2
G,beta8,beta1,tog,same,pro,cw,-,nw,n,pro,cw,+,nw,n,2
G,beta8,gamma15,tog,same,pro,cw,-,nw,n,pro,cw,-,nw,w,2
G,beta2,beta1,tog,same,pro,ccw,+,ne,n,pro,ccw,+,ne,n,2
G,beta2,gamma15,tog,same,pro,ccw,+,ne,n,pro,ccw,-,ne,w,2
G,beta2,gamma1,tog,same,pro,ccw,-,ne,w,pro,ccw,+,ne,n,2
G,beta2,beta7,tog,same,pro,ccw,-,ne,w,pro,ccw,-,ne,w,2
G,beta4,gamma9,tog,same,pro,ccw,+,se,e,pro,ccw,+,se,n,2
G,beta4,alpha7,tog,same,pro,ccw,+,se,e,pro,ccw,-,se,w,2
G,beta4,beta1,tog,same,pro,ccw,-,se,n,pro,ccw,+,se,n,2
G,beta4,gamma15,tog,same,pro,ccw,-,se,n,pro,ccw,-,se,w,2
G,beta8,gamma1,tog,same,pro,ccw,+,nw,w,pro,ccw,+,nw,n,2
G,beta8,beta7,tog,same,pro,ccw,+,nw,w,pro,ccw,-,nw,w,2
G,beta8,alpha1,tog,same,pro,ccw,-,nw,s,pro,ccw,+,nw,n,2
G,beta8,gamma7,tog,same,pro,ccw,-,nw,s,pro,ccw,-,nw,w,2
G,beta6,alpha1,tog,same,pro,ccw,+,sw,s,pro,ccw,+,sw,n,2
G,beta6,gamma7,tog,same,pro,ccw,+,sw,s,pro,ccw,-,sw,w,2
G,beta6,gamma9,tog,same,pro,ccw,-,sw,e,pro,ccw,+,sw,n,2
G,beta6,alpha7,tog,same,pro,ccw,-,sw,e,pro,ccw,-,sw,w,2
H,beta2,alpha1,tog,same,anti,ccw,+,ne,s,anti,ccw,+,ne,n,2
H,beta2,gamma7,tog,same,anti,ccw,+,ne,s,anti,ccw,-,ne,w,2
H,beta2,gamma9,tog,same,anti,ccw,-,ne,e,anti,ccw,+,ne,n,2
H,beta2,alpha7,tog,same,anti,ccw,-,ne,e,anti,ccw,-,ne,w,2
H,beta4,gamma1,tog,same,anti,ccw,+,se,w,anti,ccw,+,se,n,2
H,beta4,beta7,tog,same,anti,ccw,+,se,w,anti,ccw,-,se,w,2
H,beta4,alpha1,tog,same,anti,ccw,-,se,s,anti,ccw,+,se,n,2
H,beta4,gamma7,tog,same,anti,ccw,-,se,s,anti,ccw,-,se,w,2
H,beta6,beta1,tog,same,anti,ccw,+,sw,n,anti,ccw,+,sw,n,2
H,beta6,gamma15,tog,same,anti,ccw,+,sw,n,anti,ccw,-,sw,w,2
H,beta6,gamma1,tog,same,anti,ccw,-,sw,w,anti,ccw,+,sw,n,2
H,beta6,beta7,tog,same,anti,ccw,-,sw,w,anti,ccw,-,sw,w,2
H,beta8,gamma9,tog,same,anti,ccw,+,nw,e,anti,ccw,+,nw,n,2
H,beta8,alpha7,tog,same,anti,ccw,+,nw,e,anti,ccw,-,nw,w,2
H,beta8,beta1,tog,same,anti,ccw,-,nw,n,anti,ccw,+,nw,n,2
H,beta8,gamma15,tog,same,anti,ccw,-,nw,n,anti,ccw,-,nw,w,2
H,beta2,beta1,tog,same,anti,cw,+,ne,n,anti,cw,+,ne,n,2
H,beta2,gamma15,tog,same,anti,cw,+,ne,n,anti,cw,-,ne,w,2
H,beta2,gamma1,tog,same,anti,cw,-,ne,w,anti,cw,+,ne,n,2
H,beta2,beta7,tog,same,anti,cw,-,ne,w,anti,cw,-,ne,w,2
H,beta8,gamma1,tog,same,anti,cw,+,nw,w,anti,cw,+,nw,n,2
H,beta8,beta7,tog,same,anti,cw,+,nw,w,anti,cw,-,nw,w,2
H,beta8,alpha1,tog,same,anti,cw,-,nw,s,anti,cw,+,nw,n,2
H,beta8,gamma7,tog,same,anti,cw,-,nw,s,anti,cw,-,nw,w,2
H,beta6,alpha1,tog,same,anti,cw,+,sw,s,anti,cw,+,sw,n,2
H,beta6,gamma7,tog,same,anti,cw,+,sw,s,anti,cw,-,sw,w,2
H,beta6,gamma9,tog,same,anti,cw,-,sw,e,anti,cw,+,sw,n,2
H,beta6,alpha7,tog,same,anti,cw,-,sw,e,anti,cw,-,sw,w,2
H,beta4,gamma9,tog,same,anti,cw,+,se,e,anti,cw,+,se,n,2
H,beta4,alpha7,tog,same,anti,cw,+,se,e,anti,cw,-,se,w,2
H,beta4,beta1,tog,same,anti,cw,-,se,n,anti,cw,+,se,n,2
H,beta4,gamma15,tog,same,anti,cw,-,se,n,anti,cw,-,se,w,2
I,beta2,alpha1,tog,same,anti,ccw,+,ne,s,pro,cw,+,ne,n,2
I,beta2,gamma7,tog,same,anti,ccw,+,ne,s,pro,cw,-,ne,w,2
I,beta2,gamma9,tog,same,anti,ccw,-,ne,e,pro,cw,+,ne,n,2
I,beta2,alpha7,tog,same,anti,ccw,-,ne,e,pro,cw,-,ne,w,2
I,beta4,gamma1,tog,same,anti,ccw,+,se,w,pro,cw,+,se,n,2
I,beta4,beta7,tog,same,anti,ccw,+,se,w,pro,cw,-,se,w,2
I,beta4,alpha1,tog,same,anti,ccw,-,se,s,pro,cw,+,se,n,2
I,beta4,gamma7,tog,same,anti,ccw,-,se,s,pro,cw,-,se,w,2
I,beta6,beta1,tog,same,anti,ccw,+,sw,n,pro,cw,+,sw,n,2
I,beta6,gamma15,tog,same,anti,ccw,+,sw,n,pro,cw,-,sw,w,2
I,beta6,gamma1,tog,same,anti,ccw,-,sw,w,pro,cw,+,sw,n,2
I,beta6,beta7,tog,same,anti,ccw,-,sw,w,pro,cw,-,sw,w,2
I,beta8,gamma9,tog,same,anti,ccw,+,nw,e,pro,cw,+,nw,n,2
I,beta8,alpha7,tog,same,anti,ccw,+,nw,e,pro,cw,-,nw,w,2
I,beta8,beta1,tog,same,anti,ccw,-,nw,n,pro,cw,+,nw,n,2
I,beta8,gamma15,tog,same,anti,ccw,-,nw,n,pro,cw,-,nw,w,2
I,beta2,alpha1,tog,same,pro,cw,+,ne,s,anti,ccw,+,ne,n,2
I,beta2,gamma7,tog,same,pro,cw,+,ne,s,anti,ccw,-,ne,w,2
I,beta2,gamma9,tog,same,pro,cw,-,ne,e,anti,ccw,+,ne,n,2
I,beta2,alpha7,tog,same,pro,cw,-,ne,e,anti,ccw,-,ne,w,2
I,beta4,gamma1,tog,same,pro,cw,+,se,w,anti,ccw,+,se,n,2
I,beta4,beta7,tog,same,pro,cw,+,se,w,anti,ccw,-,se,w,2
I,beta4,alpha1,tog,same,pro,cw,-,se,s,anti,ccw,+,se,n,2
I,beta4,gamma7,tog,same,pro,cw,-,se,s,anti,ccw,-,se,w,2
I,beta6,beta1,tog,same,pro,cw,+,sw,n,anti,ccw,+,sw,n,2
I,beta6,gamma15,tog,same,pro,cw,+,sw,n,anti,ccw,-,sw,w,2
I,beta6,gamma1,tog,same,pro,cw,-,sw,w,anti,ccw,+,sw,n,2
I,beta6,beta7,tog,same,pro,cw,-,sw,w,anti,ccw,-,sw,w,2
I,beta8,gamma9,tog,same,pro,cw,+,nw,e,anti,ccw,+,nw,n,2
I,beta8,alpha7,tog,same,pro,cw,+,nw,e,anti,ccw,-,nw,w,2
I,beta8,beta1,tog,same,pro,cw,-,nw,n,anti,ccw,+,nw,n,2
I,beta8,gamma15,tog,same,pro,cw,-,nw,n,anti,ccw,-,nw,w,2
I,beta2,beta1,tog,same,anti,cw,+,ne,n,pro,ccw,+,ne,n,2
I,beta2,gamma15,tog,same,anti,cw,+,ne,n,pro,ccw,-,ne,w,2
I,beta2,gamma1,tog,same,anti,cw,-,ne,w,pro,ccw,+,ne,n,2
I,beta2,beta7,tog,same,anti,cw,-,ne,w,pro,ccw,-,ne,w,2
I,beta8,gamma1,tog,same,anti,cw,+,nw,w,pro,ccw,+,nw,n,2
I,beta8,beta7,tog,same,anti,cw,+,nw,w,pro,ccw,-,nw,w,2
I,beta8,alpha1,tog,same,anti,cw,-,nw,s,pro,ccw,+,nw,n,2
I,beta8,gamma7,tog,same,anti,cw,-,nw,s,pro,ccw,-,nw,w,2
I,beta6,alpha1,tog,same,anti,cw,+,sw,s,pro,ccw,+,sw,n,2
I,beta6,gamma7,tog,same,anti,cw,+,sw,s,pro,ccw,-,sw,w,2
I,beta6,gamma9,tog,same,anti,cw,-,sw,e,pro,ccw,+,sw,n,2
I,beta6,alpha7,tog,same,anti,cw,-,sw,e,pro,ccw,-,sw,w,2
I,beta4,gamma9,tog,same,anti,cw,+,se,e,pro,ccw,+,se,n,2
I,beta4,alpha7,tog,same,anti,cw,+,se,e,pro,ccw,-,se,w,2
I,beta4,beta1,tog,same,anti,cw,-,se,n,pro,ccw,+,se,n,2
I,beta4,gamma15,tog,same,anti,cw,-,se,n,pro,ccw,-,se,w,2
I,beta2,beta1,tog,same,pro,ccw,+,ne,n,anti,cw,+,ne,n,2
I,beta2,gamma15,tog,same,pro,ccw,+,ne,n,anti,cw,-,ne,w,2
I,beta2,gamma1,tog,same,pro,ccw,-,ne,w,anti,cw,+,ne,n,2
I,beta2,beta7,tog,same,pro,ccw,-,ne,w,anti,cw,-,ne,w,2
I,beta8,gamma1,tog,same,pro,ccw,+,nw,w,anti,cw,+,nw,n,2
I,beta8,beta7,tog,same,pro,ccw,+,nw,w,anti,cw,-,nw,w,2
I,beta8,alpha1,tog,same,pro,ccw,-,nw,s,anti,cw,+,nw,n,2
I,beta8,gamma7,tog,same,pro,ccw,-,nw,s,anti,cw,-,nw,w,2
I,beta6,alpha1,tog,same,pro,ccw,+,sw,s,anti,cw,+,sw,n,2
I,beta6,gamma7,tog,same,pro,ccw,+,sw,s,anti,cw,-,sw,w,2
I,beta6,gamma9,tog,same,pro,ccw,-,sw,e,anti,cw,+,sw,n,2
I,beta6,alpha7,tog,same,pro,ccw,-,sw,e,anti,cw,-,sw,w,2
I,beta4,gamma9,tog,same,pro,ccw,+,se,e,anti,cw,+,se,n,2
I,beta4,alpha7,tog,same,pro,ccw,+,se,e,anti,cw,-,se,w,2
I,beta4,beta1,tog,same,pro,ccw,-,se,n,anti,cw,+,se,n,2
I,beta4,gamma15,tog,same,pro,ccw,-,se,n,anti,cw,-,se,w,2
J,alpha2,alpha1,quarter,opp,pro,ccw,+,sw,s,pro,cw,+,ne,n,2
J,alpha2,gamma7,quarter,opp,pro,ccw,+,sw,s,pro,cw,-,ne,w,2
J,alpha2,gamma9,quarter,opp,pro,ccw,-,sw,e,pro,cw,+,ne,n,2
J,alpha2,alpha7,quarter,opp,pro,ccw,-,sw,e,pro,cw,-,ne,w,2
J,alpha4,gamma1,quarter,opp,pro,ccw,+,nw,w,pro,cw,+,se,n,2
J,alpha4,beta7,quarter,opp,pro,ccw,+,nw,w,pro,cw,-,se,w,2
J,alpha4,alpha1,quarter,opp,pro,ccw,-,nw,s,pro,cw,+,se,n,2
J,alpha4,gamma7,quarter,opp,pro,ccw,-,nw,s,pro,cw,-,se,w,2
J,alpha6,beta1,quarter,opp,pro,ccw,+,ne,n,pro,cw,+,sw,n,2
J,alpha6,gamma15,quarter,opp,pro,ccw,+,ne,n,pro,cw,-,sw,w,2
J,alpha6,gamma1,quarter,opp,pro,ccw,-,ne,w,pro,cw,+,sw,n,2
J,alpha6,beta7,quarter,opp,pro,ccw,-,ne,w,pro,cw,-,sw,w,2
J,alpha8,gamma9,quarter,opp,pro,ccw,+,se,e,pro,cw,+,nw,n,2
J,alpha8,alpha7,quarter,opp,pro,ccw,+,se,e,pro,cw,-,nw,w,2
J,alpha8,beta1,quarter,opp,pro,ccw,-,se,n,pro,cw,+,nw,n,2
J,alpha8,gamma15,quarter,opp,pro,ccw,-,se,n,pro,cw,-,nw,w,2
J,alpha2,beta1,quarter,opp,pro,cw,+,sw,n,pro,ccw,+,ne,n,2
J,alpha2,gamma15,quarter,opp,pro,cw,+,sw,n,pro,ccw,-,ne,w,2
J,alpha2,gamma1,quarter,opp,pro,cw,-,sw,w,pro,ccw,+,ne,n,2
J,alpha2,beta7,quarter,opp,pro,cw,-,sw,w,pro,ccw,-,ne,w,2
J,alpha4,gamma9,quarter,opp,pro,cw,+,nw,e,pro,ccw,+,se,n,2
J,alpha4,alpha7,quarter,opp,pro,cw,+,nw,e,pro,ccw,-,se,w,2
J,alpha4,beta1,quarter,opp,pro,cw,-,nw,n,pro,ccw,+,se,n,2
J,alpha4,gamma15,quarter,opp,pro,cw,-,nw,n,pro,ccw,-,se,w,2
J,alpha6,alpha1,quarter,opp,pro,cw,+,ne,s,pro,ccw,+,sw,n,2
J,alpha6,gamma7,quarter,opp,pro,cw,+,ne,s,pro,ccw,-,sw,w,2
J,alpha6,gamma9,quarter,opp,pro,cw,-,ne,e,pro,ccw,+,sw,n,2
J,alpha6,alpha7,quarter,opp,pro,cw,-,ne,e,pro,ccw,-,sw,w,2
J,alpha8,gamma1,quarter,opp,pro,cw,+,se,w,pro,ccw,+,nw,n,2
J,alpha8,beta7,quarter,opp,pro,cw,+,se,w,pro,ccw,-,nw,w,2
J,alpha8,alpha1,quarter,opp,pro,cw,-,se,s,pro,ccw,+,nw,n,2
J,alpha8,gamma7,quarter,opp,pro,cw,-,se,s,pro,ccw,-,nw,w,2
K,alpha2,alpha1,quarter,opp,anti,cw,+,sw,s,anti,ccw,+,ne,n,2
K,alpha2,gamma7,quarter,opp,anti,cw,+,sw,s,anti,ccw,-,ne,w,2
K,alpha2,gamma9,quarter,opp,anti,cw,-,sw,e,anti,ccw,+,ne,n,2
K,alpha2,alpha7,quarter,opp,anti,cw,-,sw,e,anti,ccw,-,ne,w,2
K,alpha4,gamma1,quarter,opp,anti,cw,+,nw,w,anti,ccw,+,se,n,2
K,alpha4,beta7,quarter,opp,anti,cw,+,nw,w,anti,ccw,-,se,w,2
K,alpha4,alpha1,quarter,opp,anti,cw,-,nw,s,anti,ccw,+,se,n,2
K,alpha4,gamma7,quarter,opp,anti,cw,-,nw,s,anti,ccw,-,se,w,2
K,alpha6,beta1,quarter,opp,anti,cw,+,ne,n,anti,ccw,+,sw,n,2
K,alpha6,gamma15,quarter,opp,anti,cw,+,ne,n,anti,ccw,-,sw,w,2
K,alpha6,gamma1,quarter,opp,anti,cw,-,ne,w,anti,ccw,+,sw,n,2
K,alpha6,beta7,quarter,opp,anti,cw,-,ne,w,anti,ccw,-,sw,w,2
K,alpha8,gamma9,quarter,opp,anti,cw,+,se,e,anti,ccw,+,nw,n,2
K,alpha8,alpha7,quarter,opp,anti,cw,+,se,e,anti,ccw,-,nw,w,2
K,alpha8,beta1,quarter,opp,anti,cw,-,se,n,anti,ccw,+,nw,n,2
K,alpha8,gamma15,quarter,opp,anti,cw,-,se,n,anti,ccw,-,nw,w,2
K,alpha2,beta1,quarter,opp,anti,ccw,+,sw,n,anti,cw,+,ne,n,2
K,alpha2,gamma15,quarter,opp,anti,ccw,+,sw,n,anti,cw,-,ne,w,2
K,alpha2,gamma1,quarter,opp,anti,ccw,-,sw,w,anti,cw,+,ne,n,2
K,alpha2,beta7,quarter,opp,anti,ccw,-,sw,w,anti,cw,-,ne,w,2
K,alpha4,gamma9,quarter,opp,anti,ccw,+,nw,e,anti,cw,+,se,n,2
K,alpha4,alpha7,quarter,opp,anti,ccw,+,nw,e,anti,cw,-,se,w,2
K,alpha4,beta1,quarter,opp,anti,ccw,-,nw,n,anti,cw,+,se,n,2
K,alpha4,gamma15,quarter,opp,anti,ccw,-,nw,n,anti,cw,-,se,w,2
K,alpha6,alpha1,quarter,opp,anti,ccw,+,ne,s,anti,cw,+,sw,n,2
K,alpha6,gamma7,quarter,opp,anti,ccw,+,ne,s,anti,cw,-,sw,w,2
K,alpha6,gamma9,quarter,opp,anti,ccw,-,ne,e,anti,cw,+,sw,n,2
K,alpha6,alpha7,quarter,opp,anti,ccw,-,ne,e,anti,cw,-,sw,w,2
K,alpha8,gamma1,quarter,opp,anti,ccw,+,se,w,anti,cw,+,nw,n,2
K,alpha8,beta7,quarter,opp,anti,ccw,+,se,w,anti,cw,-,nw,w,2
K,alpha8,alpha1,quarter,opp,anti,ccw,-,se,s,anti,cw,+,nw,n,2
K,alpha8,gamma7,quarter,opp,anti,ccw,-,se,s,anti,cw,-,nw,w,2
L,alpha2,alpha1,quarter,opp,anti,cw,+,sw,s,pro,cw,+,ne,n,2
L,alpha2,gamma7,quarter,opp,anti,cw,+,sw,s,pro,cw,-,ne,w,2
L,alpha2,gamma9,quarter,opp,anti,cw,-,sw,e,pro,cw,+,ne,n,2
L,alpha2,alpha7,quarter,opp,anti,cw,-,sw,e,pro,cw,-,ne,w,2
L,alpha4,gamma1,quarter,opp,anti,cw,+,nw,w,pro,cw,+,se,n,2
L,alpha4,beta7,quarter,opp,anti,cw,+,nw,w,pro,cw,-,se,w,2
L,alpha4,alpha1,quarter,opp,anti,cw,-,nw,s,pro,cw,+,se,n,2
L,alpha4,gamma7,quarter,opp,anti,cw,-,nw,s,pro,cw,-,se,w,2
L,alpha6,beta1,quarter,opp,anti,cw,+,ne,n,pro,cw,+,sw,n,2
L,alpha6,gamma15,quarter,opp,anti,cw,+,ne,n,pro,cw,-,sw,w,2
L,alpha6,gamma1,quarter,opp,anti,cw,-,ne,w,pro,cw,+,sw,n,2
L,alpha6,beta7,quarter,opp,anti,cw,-,ne,w,pro,cw,-,sw,w,2
L,alpha8,gamma9,quarter,opp,anti,cw,+,se,e,pro,cw,+,nw,n,2
L,alpha8,alpha7,quarter,opp,anti,cw,+,se,e,pro,cw,-,nw,w,2
L,alpha8,beta1,quarter,opp,anti,cw,-,se,n,pro,cw,+,nw,n,2
L,alpha8,gamma15,quarter,opp,anti,cw,-,se,n,pro,cw,-,nw,w,2
L,alpha2,beta1,quarter,opp,anti,ccw,+,sw,n,pro,ccw,+,ne,n,2
L,alpha2,gamma15,quarter,opp,anti,ccw,+,sw,n,pro,ccw,-,ne,w,2
L,alpha2,gamma1,quarter,opp,anti,ccw,-,sw,w,pro,ccw,+,ne,n,2
L,alpha2,beta7,quarter,opp,anti,ccw,-,sw,w,pro,ccw,-,ne,w,2
L,alpha4,gamma9,quarter,opp,anti,ccw,+,nw,e,pro,ccw,+,se,n,2
L,alpha4,alpha7,quarter,opp,anti,ccw,+,nw,e,pro,ccw,-,se,w,2
L,alpha4,beta1,quarter,opp,anti,ccw,-,nw,n,pro,ccw,+,se,n,2
L,alpha4,gamma15,quarter,opp,anti,ccw,-,nw,n,pro,ccw,-,se,w,2
L,alpha6,alpha1,quarter,opp,anti,ccw,+,ne,s,pro,ccw,+,sw,n,2
L,alpha6,gamma7,quarter,opp,anti,ccw,+,ne,s,pro,ccw,-,sw,w,2
L,alpha6,gamma9,quarter,opp,anti,ccw,-,ne,e,pro,ccw,+,sw,n,2
L,alpha6,alpha7,quarter,opp,anti,ccw,-,ne,e,pro,ccw,-,sw,w,2
L,alpha8,gamma1,quarter,opp,anti,ccw,+,se,w,pro,ccw,+,nw,n,2
L,alpha8,beta7,quarter,opp,anti,ccw,+,se,w,pro,ccw,-,nw,w,2
L,alpha8,alpha1,quarter,opp,anti,ccw,-,se,s,pro,ccw,+,nw,n,2
L,alpha8,gamma7,quarter,opp,anti,ccw,-,se,s,pro,ccw,-,nw,w,2
L,alpha2,alpha1,quarter,opp,pro,ccw,+,sw,s,anti,ccw,+,ne,n,2
L,alpha2,gamma7,quarter,opp,pro,ccw,+,sw,s,anti,ccw,-,ne,w,2
L,alpha2,gamma9,quarter,opp,pro,ccw,-,sw,e,anti,ccw,+,ne,n,2
L,alpha2,alpha7,quarter,opp,pro,ccw,-,sw,e,anti,ccw,-,ne,w,2
L,alpha4,gamma1,quarter,opp,pro,ccw,+,nw,w,anti,ccw,+,se,n,2
L,alpha4,beta7,quarter,opp,pro,ccw,+,nw,w,anti,ccw,-,se,w,2
L,alpha4,alpha1,quarter,opp,pro,ccw,-,nw,s,anti,ccw,+,se,n,2
L,alpha4,gamma7,quarter,opp,pro,ccw,-,nw,s,anti,ccw,-,se,w,2
L,alpha6,beta1,quarter,opp,pro,ccw,+,ne,n,anti,ccw,+,sw,n,2
L,alpha6,gamma15,quarter,opp,pro,ccw,+,ne,n,anti,ccw,-,sw,w,2
L,alpha6,gamma1,quarter,opp,pro,ccw,-,ne,w,anti,ccw,+,sw,n,2
L,alpha6,beta7,quarter,opp,pro,ccw,-,ne,w,anti,ccw,-,sw,w,2
L,alpha8,gamma9,quarter,opp,pro,ccw,+,se,e,anti,ccw,+,nw,n,2
L,alpha8,alpha7,quarter,opp,pro,ccw,+,se,e,anti,ccw,-,nw,w,2
L,alpha8,beta1,quarter,opp,pro,ccw,-,se,n,anti,ccw,+,nw,n,2
L,alpha8,gamma15,quarter,opp,pro,ccw,-,se,n,anti,ccw,-,nw,w,2
L,alpha2,beta1,quarter,opp,pro,cw,+,sw,n,anti,cw,+,ne,n,2
L,alpha2,gamma15,quarter,opp,pro,cw,+,sw,n,anti,cw,-,ne,w,2
L,alpha2,gamma1,quarter,opp,pro,cw,-,sw,w,anti,cw,+,ne,n,2
L,alpha2,beta7,quarter,opp,pro,cw,-,sw,w,anti,cw,-,ne,w,2
L,alpha4,gamma9,quarter,opp,pro,cw,+,nw,e,anti,cw,+,se,n,2
L,alpha4,alpha7,quarter,opp,pro,cw,+,nw,e,anti,cw,-,se,w,2
L,alpha4,beta1,quarter,opp,pro,cw,-,nw,n,anti,cw,+,se,n,2
L,alpha4,gamma15,quarter,opp,pro,cw,-,nw,n,anti,cw,-,se,w,2
L,alpha6,alpha1,quarter,opp,pro,cw,+,ne,s,anti,cw,+,sw,n,2
L,alpha6,gamma7,quarter,opp,pro,cw,+,ne,s,anti,cw,-,sw,w,2
L,alpha6,gamma9,quarter,opp,pro,cw,-,ne,e,anti,cw,+,sw,n,2
L,alpha6,alpha7,quarter,opp,pro,cw,-,ne,e,anti,cw,-,sw,w,2
L,alpha8,gamma1,quarter,opp,pro,cw,+,se,w,anti,cw,+,nw,n,2
L,alpha8,beta7,quarter,opp,pro,cw,+,se,w,anti,cw,-,nw,w,2
L,alpha8,alpha1,quarter,opp,pro,cw,-,se,s,anti,cw,+,nw,n,2
L,alpha8,gamma7,quarter,opp,pro,cw,-,se,s,anti,cw,-,nw,w,2
M,gamma10,gamma1,split,opp,pro,cw,+,se,w,pro,ccw,+,ne,n,2
M,gamma10,beta7,split,opp,pro,cw,+,se,w,pro,ccw,-,ne,w,2
M,gamma10,alpha1,split,opp,pro,cw,-,se,s,pro,ccw,+,ne,n,2
M,gamma10,gamma7,split,opp,pro,cw,-,se,s,pro,ccw,-,ne,w,2
M,gamma12,beta1,tog,opp,pro,cw,+,sw,n,pro,ccw,+,se,n,2
M,gamma12,gamma15,tog,opp,pro,cw,+,sw,n,pro,ccw,-,se,w,2
M,gamma12,gamma1,tog,opp,pro,cw,-,sw,w,pro,ccw,+,se,n,2
M,gamma12,beta7,tog,opp,pro,cw,-,sw,w,pro,ccw,-,se,w,2
M,gamma14,gamma9,split,opp,pro,cw,+,nw,e,pro,ccw,+,sw,n,2
M,gamma14,alpha7,split,opp,pro,cw,+,nw,e,pro,ccw,-,sw,w,2
M,gamma14,beta1,split,opp,pro,cw,-,nw,n,pro,ccw,+,sw,n,2
M,gamma14,gamma15,split,opp,pro,cw,-,nw,n,pro,ccw,-,sw,w,2
M,gamma16,alpha1,tog,opp,pro,cw,+,ne,s,pro,ccw,+,nw,n,2
M,gamma16,gamma7,tog,opp,pro,cw,+,ne,s,pro,ccw,-,nw,w,2
M,gamma16,gamma9,tog,opp,pro,cw,-,ne,e,pro,ccw,+,nw,n,2
M,gamma16,alpha7,tog,opp,pro,cw,-,ne,e,pro,ccw,-,nw,w,2
M,gamma8,alpha1,split,opp,pro,ccw,+,sw,s,pro,cw,+,nw,n,2
M,gamma8,gamma7,split,opp,pro,ccw,+,sw,s,pro,cw,-,nw,w,2
M,gamma8,gamma9,split,opp,pro,ccw,-,sw,e,pro,cw,+,nw,n,2
M,gamma8,alpha7,split,opp,pro,ccw,-,sw,e,pro,cw,-,nw,w,2
M,gamma2,gamma1,tog,opp,pro,ccw,+,nw,w,pro,cw,+,ne,n,2
M,gamma2,beta7,tog,opp,pro,ccw,+,nw,w,pro,cw,-,ne,w,2
M,gamma2,alpha1,tog,opp,pro,ccw,-,nw,s,pro,cw,+,ne,n,2
M,gamma2,gamma7,tog,opp,pro,ccw,-,nw,s,pro,cw,-,ne,w,2
M,gamma4,beta1,split,opp,pro,ccw,+,ne,n,pro,cw,+,se,n,2
M,gamma4,gamma15,split,opp,pro,ccw,+,ne,n,pro,cw,-,se,w,2
M,gamma4,gamma1,split,opp,pro,ccw,-,ne,w,pro,cw,+,se,n,2
M,gamma4,beta7,split,opp,pro,ccw,-,ne,w,pro,cw,-,se,w,2
M,gamma6,gamma9,tog,opp,pro,ccw,+,se,e,pro,cw,+,sw,n,2
M,gamma6,alpha7,tog,opp,pro,ccw,+,se,e,pro,cw,-,sw,w,2
M,gamma6,beta1,tog,opp,pro,ccw,-,se,n,pro,cw,+,sw,n,2
M,gamma6,gamma15,tog,opp,pro,ccw,-,se,n,pro,cw,-,sw,w,2
N,gamma10,gamma1,split,opp,anti,ccw,+,se,w,anti,cw,+,ne,n,2
N,gamma10,beta7,split,opp,anti,ccw,+,se,w,anti,cw,-,ne,w,2
N,gamma10,alpha1,split,opp,anti,ccw,-,se,s,anti,cw,+,ne,n,2
N,gamma10,gamma7,split,opp,anti,ccw,-,se,s,anti,cw,-,ne,w,2
N,gamma12,beta1,tog,opp,anti,ccw,+,sw,n,anti,cw,+,se,n,2
N,gamma12,gamma15,tog,opp,anti,ccw,+,sw,n,anti,cw,-,se,w,2
N,gamma12,gamma1,tog,opp,anti,ccw,-,sw,w,anti,cw,+,se,n,2
N,gamma12,beta7,tog,opp,anti,ccw,-,sw,w,anti,cw,-,se,w,2
N,gamma14,gamma9,split,opp,anti,ccw,+,nw,e,anti,cw,+,sw,n,2
N,gamma14,alpha7,split,opp,anti,ccw,+,nw,e,anti,cw,-,sw,w,2
N,gamma14,beta1,split,opp,anti,ccw,-,nw,n,anti,cw,+,sw,n,2
N,gamma14,gamma15,split,opp,anti,ccw,-,nw,n,anti,cw,-,sw,w,2
N,gamma16,alpha1,tog,opp,anti,ccw,+,ne,s,anti,cw,+,nw,n,2
N,gamma16,gamma7,tog,opp,anti,ccw,+,ne,s,anti,cw,-,nw,w,2
N,gamma16,gamma9,tog,opp,anti,ccw,-,ne,e,anti,cw,+,nw,n,2
N,gamma16,alpha7,tog,opp,anti,ccw,-,ne,e,anti,cw,-,nw,w,2
N,gamma8,alpha1,split,opp,anti,cw,+,sw,s,anti,ccw,+,nw,n,2
N,gamma8,gamma7,split,opp,anti,cw,+,sw,s,anti,ccw,-,nw,w,2
N,gamma8,gamma9,split,opp,anti,cw,-,sw,e,anti,ccw,+,nw,n,2
N,gamma8,alpha7,split,opp,anti,cw,-,sw,e,anti,ccw,-,nw,w,2
N,gamma2,gamma1,tog,opp,anti,cw,+,nw,w,anti,ccw,+,ne,n,2
N,gamma2,beta7,tog,opp,anti,cw,+,nw,w,anti,ccw,-,ne,w,2
N,gamma2,alpha1,tog,opp,anti,cw,-,nw,s,anti,ccw,+,ne,n,2
N,gamma2,gamma7,tog,opp,anti,cw,-,nw,s,anti,ccw,-,ne,w,2
N,gamma4,beta1,split,opp,anti,cw,+,ne,n,anti,ccw,+,se,n,2
N,gamma4,gamma15,split,opp,anti,cw,+,ne,n,anti,ccw,-,se,w,2
N,gamma4,gamma1,split,opp,anti,cw,-,ne,w,anti,ccw,+,se,n,2
N,gamma4,beta7,split,opp,anti,cw,-,ne,w,anti,ccw,-,se,w,2
N,gamma6,gamma9,tog,opp,anti,cw,+,se,e,anti,ccw,+,sw,n,2
N,gamma6,alpha7,tog,opp,anti,cw,+,se,e,anti,ccw,-,sw,w,2
N,gamma6,beta1,tog,opp,anti,cw,-,se,n,anti,ccw,+,sw,n,2
N,gamma6,gamma15,tog,opp,anti,cw,-,se,n,anti,ccw,-,sw,w,2
O,gamma10,gamma1,split,opp,anti,ccw,+,se,w,pro,ccw,+,ne,n,2
O,gamma10,beta7,split,opp,anti,ccw,+,se,w,pro,ccw,-,ne,w,2
O,gamma10,alpha1,split,opp,anti,ccw,-,se,s,pro,ccw,+,ne,n,2
O,gamma10,gamma7,split,opp,anti,ccw,-,se,s,pro,ccw,-,ne,w,2
O,gamma12,beta1,tog,opp,anti,ccw,+,sw,n,pro,ccw,+,se,n,2
O,gamma12,gamma15,tog,opp,anti,ccw,+,sw,n,pro,ccw,-,se,w,2
O,gamma12,gamma1,tog,opp,anti,ccw,-,sw,w,pro,ccw,+,se,n,2
O,gamma12,beta7,tog,opp,anti,ccw,-,sw,w,pro,ccw,-,se,w,2
O,gamma14,gamma9,split,opp,anti,ccw,+,nw,e,pro,ccw,+,sw,n,2
O,gamma14,alpha7,split,opp,anti,ccw,+,nw,e,pro,ccw,-,sw,w,2
O,gamma14,beta1,split,opp,anti,ccw,-,nw,n,pro,ccw,+,sw,n,2
O,gamma14,gamma15,split,opp,anti,ccw,-,nw,n,pro,ccw,-,sw,w,2
O,gamma16,alpha1,tog,opp,anti,ccw,+,ne,s,pro,ccw,+,nw,n,2
O,gamma16,gamma7,tog,opp,anti,ccw,+,ne,s,pro,ccw,-,nw,w,2
O,gamma16,gamma9,tog,opp,anti,ccw,-,ne,e,pro,ccw,+,nw,n,2
O,gamma16,alpha7,tog,opp,anti,ccw,-,ne,e,pro,ccw,-,nw,w,2
O,gamma8,alpha1,split,opp,anti,cw,+,sw,s,pro,cw,+,nw,n,2
O,gamma8,gamma7,split,opp,anti,cw,+,sw,s,pro,cw,-,nw,w,2
O,gamma8,gamma9,split,opp,anti,cw,-,sw,e,pro,cw,+,nw,n,2
O,gamma8,alpha7,split,opp,anti,cw,-,sw,e,pro,cw,-,nw,w,2
O,gamma2,gamma1,tog,opp,anti,cw,+,nw,w,pro,cw,+,ne,n,2
O,gamma2,beta7,tog,opp,anti,cw,+,nw,w,pro,cw,-,ne,w,2
O,gamma2,alpha1,tog,opp,anti,cw,-,nw,s,pro,cw,+,ne,n,2
O,gamma2,gamma7,tog,opp,anti,cw,-,nw,s,pro,cw,-,ne,w,2
O,gamma4,beta1,split,opp,anti,cw,+,ne,n,pro,cw,+,se,n,2
O,gamma4,gamma15,split,opp,anti,cw,+,ne,n,pro,cw,-,se,w,2
O,gamma4,gamma1,split,opp,anti,cw,-,ne,w,pro,cw,+,se,n,2
O,gamma4,beta7,split,opp,anti,cw,-,ne,w,pro,cw,-,se,w,2
O,gamma6,gamma9,tog,opp,anti,cw,+,se,e,pro,cw,+,sw,n,2
O,gamma6,alpha7,tog,opp,anti,cw,+,se,e,pro,cw,-,sw,w,2
O,gamma6,beta1,tog,opp,anti,cw,-,se,n,pro,cw,+,sw,n,2
O,gamma6,gamma15,tog,opp,anti,cw,-,se,n,pro,cw,-,sw,w,2
O,gamma10,gamma1,split,opp,pro,cw,+,se,w,anti,cw,+,ne,n,2
O,gamma10,beta7,split,opp,pro,cw,+,se,w,anti,cw,-,ne,w,2
O,gamma10,alpha1,split,opp,pro,cw,-,se,s,anti,cw,+,ne,n,2
O,gamma10,gamma7,split,opp,pro,cw,-,se,s,anti,cw,-,ne,w,2
O,gamma12,beta1,tog,opp,pro,cw,+,sw,n,anti,cw,+,se,n,2
O,gamma12,gamma15,tog,opp,pro,cw,+,sw,n,anti,cw,-,se,w,2
O,gamma12,gamma1,tog,opp,pro,cw,-,sw,w,anti,cw,+,se,n,2
O,gamma12,beta7,tog,opp,pro,cw,-,sw,w,anti,cw,-,se,w,2
O,gamma14,gamma9,split,opp,pro,cw,+,nw,e,anti,cw,+,sw,n,2
O,gamma14,alpha7,split,opp,pro,cw,+,nw,e,anti,cw,-,sw,w,2
O,gamma14,beta1,split,opp,pro,cw,-,nw,n,anti,cw,+,sw,n,2
O,gamma14,gamma15,split,opp,pro,cw,-,nw,n,anti,cw,-,sw,w,2
O,gamma16,alpha1,tog,opp,pro,cw,+,ne,s,anti,cw,+,nw,n,2
O,gamma16,gamma7,tog,opp,pro,cw,+,ne,s,anti,cw,-,nw,w,2
O,gamma16,gamma9,tog,opp,pro,cw,-,ne,e,anti,cw,+,nw,n,2
O,gamma16,alpha7,tog,opp,pro,cw,-,ne,e,anti,cw,-,nw,w,2
O,gamma8,alpha1,split,opp,pro,ccw,+,sw,s,anti,ccw,+,nw,n,2
O,gamma8,gamma7,split,opp,pro,ccw,+,sw,s,anti,ccw,-,nw,w,2
O,gamma8,gamma9,split,opp,pro,ccw,-,sw,e,anti,ccw,+,nw,n,2
O,gamma8,alpha7,split,opp,pro,ccw,-,sw,e,anti,ccw,-,nw,w,2
O,gamma2,gamma1,tog,opp,pro,ccw,+,nw,w,anti,ccw,+,ne,n,2
O,gamma2,beta7,tog,opp,pro,ccw,+,nw,w,anti,ccw,-,ne,w,2
O,gamma2,alpha1,tog,opp,pro,ccw,-,nw,s,anti,ccw,+,ne,n,2
O,gamma2,gamma7,tog,opp,pro,ccw,-,nw,s,anti,ccw,-,ne,w,2
O,gamma4,beta1,split,opp,pro,ccw,+,ne,n,anti,ccw,+,se,n,2
O,gamma4,gamma15,split,opp,pro,ccw,+,ne,n,anti,ccw,-,se,w,2
O,gamma4,gamma1,split,opp,pro,ccw,-,ne,w,anti,ccw,+,se,n,2
O,gamma4,beta7,split,opp,pro,ccw,-,ne,w,anti,ccw,-,se,w,2
O,gamma6,gamma9,tog,opp,pro,ccw,+,se,e,anti,ccw,+,sw,n,2
O,gamma6,alpha7,tog,opp,pro,ccw,+,se,e,anti,ccw,-,sw,w,2
O,gamma6,beta1,tog,opp,pro,ccw,-,se,n,anti,ccw,+,sw,n,2
O,gamma6,gamma15,tog,opp,pro,ccw,-,se,n,anti,ccw,-,sw,w,2
P,gamma2,gamma9,tog,opp,pro,cw,+,nw,e,pro,ccw,+,ne,n,2
P,gamma2,alpha7,tog,opp,pro,cw,+,nw,e,pro,ccw,-,ne,w,2
P,gamma2,beta1,tog,opp,pro,cw,-,nw,n,pro,ccw,+,ne,n,2
P,gamma2,gamma15,tog,opp,pro,cw,-,nw,n,pro,ccw,-,ne,w,2
P,gamma4,alpha1,split,opp,pro,cw,+,ne,s,pro,ccw,+,se,n,2
P,gamma4,gamma7,split,opp,pro,cw,+,ne,s,pro,ccw,-,se,w,2
P,gamma4,gamma9,split,opp,pro,cw,-,ne,e,pro,ccw,+,se,n,2
P,gamma4,alpha7,split,opp,pro,cw,-,ne,e,pro,ccw,-,se,w,2
P,gamma6,gamma1,tog,opp,pro,cw,+,se,w,pro,ccw,+,sw,n,2
P,gamma6,beta7,tog,opp,pro,cw,+,se,w,pro,ccw,-,sw,w,2
P,gamma6,alpha1,tog,opp,pro,cw,-,se,s,pro,ccw,+,sw,n,2
P,gamma6,gamma7,tog,opp,pro,cw,-,se,s,pro,ccw,-,sw,w,2
P,gamma8,beta1,split,opp,pro,cw,+,sw,n,pro,ccw,+,nw,n,2
P,gamma8,gamma15,split,opp,pro,cw,+,sw,n,pro,ccw,-,nw,w,2
P,gamma8,gamma1,split,opp,pro,cw,-,sw,w,pro,ccw,+,nw,n,2
P,gamma8,beta7,split,opp,pro,cw,-,sw,w,pro,ccw,-,nw,w,2
P,gamma10,gamma9,split,opp,pro,ccw,+,se,e,pro,cw,+,ne,n,2
P,gamma10,alpha7,split,opp,pro,ccw,+,se,e,pro,cw,-,ne,w,2
P,gamma10,beta1,split,opp,pro,ccw,-,se,n,pro,cw,+,ne,n,2
P,gamma10,gamma15,split,opp,pro,ccw,-,se,n,pro,cw,-,ne,w,2
P,gamma12,alpha1,tog,opp,pro,ccw,+,sw,s,pro,cw,+,se,n,2
P,gamma12,gamma7,tog,opp,pro,ccw,+,sw,s,pro,cw,-,se,w,2
P,gamma12,gamma9,tog,opp,pro,ccw,-,sw,e,pro,cw,+,se,n,2
P,gamma12,alpha7,tog,opp,pro,ccw,-,sw,e,pro,cw,-,se,w,2
P,gamma14,gamma1,split,opp,pro,ccw,+,nw,w,pro,cw,+,sw,n,2
P,gamma14,beta7,split,opp,pro,ccw,+,nw,w,pro,cw,-,sw,w,2
P,gamma14,alpha1,split,opp,pro,ccw,-,nw,s,pro,cw,+,sw,n,2
P,gamma14,gamma7,split,opp,pro,ccw,-,nw,s,pro,cw,-,sw,w,2
P,gamma16,beta1,tog,opp,pro,ccw,+,ne,n,pro,cw,+,nw,n,2
P,gamma16,gamma15,tog,opp,pro,ccw,+,ne,n,pro,cw,-,nw,w,2
P,gamma16,gamma1,tog,opp,pro,ccw,-,ne,w,pro,cw,+,nw,n,2
P,gamma16,beta7,tog,opp,pro,ccw,-,ne,w,pro,cw,-,nw,w,2
Q,gamma2,gamma9,tog,opp,anti,ccw,+,nw,e,anti,cw,+,ne,n,2
Q,gamma2,alpha7,tog,opp,anti,ccw,+,nw,e,anti,cw,-,ne,w,2
Q,gamma2,beta1,tog,opp,anti,ccw,-,nw,n,anti,cw,+,ne,n,2
Q,gamma2,gamma15,tog,opp,anti,ccw,-,nw,n,anti,cw,-,ne,w,2
Q,gamma4,alpha1,split,opp,anti,ccw,+,ne,s,anti,cw,+,se,n,2
Q,gamma4,gamma7,split,opp,anti,ccw,+,ne,s,anti,cw,-,se,w,2
Q,gamma4,gamma9,split,opp,anti,ccw,-,ne,e,anti,cw,+,se,n,2
Q,gamma4,alpha7,split,opp,anti,ccw,-,ne,e,anti,cw,-,se,w,2
Q,gamma6,gamma1,tog,opp,anti,ccw,+,se,w,anti,cw,+,sw,n,2
Q,gamma6,beta7,tog,opp,anti,ccw,+,se,w,anti,cw,-,sw,w,2
Q,gamma6,alpha1,tog,opp,anti,ccw,-,se,s,anti,cw,+,sw,n,2
Q,gamma6,gamma7,tog,opp,anti,ccw,-,se,s,anti,cw,-,sw,w,2
Q,gamma8,beta1,split,opp,anti,ccw,+,sw,n,anti,cw,+,nw,n,2
Q,gamma8,gamma15,split,opp,anti,ccw,+,sw,n,anti,cw,-,nw,w,2
Q,gamma8,gamma1,split,opp,anti,ccw,-,sw,w,anti,cw,+,nw,n,2
Q,gamma8,beta7,split,opp,anti,ccw,-,sw,w,anti,cw,-,nw,w,2
Q,gamma10,gamma9,split,opp,anti,cw,+,se,e,anti,ccw,+,ne,n,2
Q,gamma10,alpha7,split,opp,anti,cw,+,se,e,anti,ccw,-,ne,w,2
Q,gamma10,beta1,split,opp,anti,cw,-,se,n,anti,ccw,+,ne,n,2
Q,gamma10,gamma15,split,opp,anti,cw,-,se,n,anti,ccw,-,ne,w,2
Q,gamma12,alpha1,tog,opp,anti,cw,+,sw,s,anti,ccw,+,se,n,2
Q,gamma12,gamma7,tog,opp,anti,cw,+,sw,s,anti,ccw,-,se,w,2
Q,gamma12,gamma9,tog,opp,anti,cw,-,sw,e,anti,ccw,+,se,n,2
Q,gamma12,alpha7,tog,opp,anti,cw,-,sw,e,anti,ccw,-,se,w,2
Q,gamma14,gamma1,split,opp,anti,cw,+,nw,w,anti,ccw,+,sw,n,2
Q,gamma14,beta7,split,opp,anti,cw,+,nw,w,anti,ccw,-,sw,w,2
Q,gamma14,alpha1,split,opp,anti,cw,-,nw,s,anti,ccw,+,sw,n,2
Q,gamma14,gamma7,split,opp,anti,cw,-,nw,s,anti,ccw,-,sw,w,2
Q,gamma16,beta1,tog,opp,anti,cw,+,ne,n,anti,ccw,+,nw,n,2
Q,gamma16,gamma15,tog,opp,anti,cw,+,ne,n,anti,ccw,-,nw,w,2
Q,gamma16,gamma1,tog,opp,anti,cw,-,ne,w,anti,ccw,+,nw,n,2
Q,gamma16,beta7,tog,opp,anti,cw,-,ne,w,anti,ccw,-,nw,w,2
R,gamma2,gamma9,tog,opp,anti,ccw,+,nw,e,pro,ccw,+,ne,n,2
R,gamma2,alpha7,tog,opp,anti,ccw,+,nw,e,pro,ccw,-,ne,w,2
R,gamma2,beta1,tog,opp,anti,ccw,-,nw,n,pro,ccw,+,ne,n,2
R,gamma2,gamma15,tog,opp,anti,ccw,-,nw,n,pro,ccw,-,ne,w,2
R,gamma4,alpha1,split,opp,anti,ccw,+,ne,s,pro,ccw,+,se,n,2
R,gamma4,gamma7,split,opp,anti,ccw,+,ne,s,pro,ccw,-,se,w,2
R,gamma4,gamma9,split,opp,anti,ccw,-,ne,e,pro,ccw,+,se,n,2
R,gamma4,alpha7,split,opp,anti,ccw,-,ne,e,pro,ccw,-,se,w,2
R,gamma6,gamma1,tog,opp,anti,ccw,+,se,w,pro,ccw,+,sw,n,2
R,gamma6,beta7,tog,opp,anti,ccw,+,se,w,pro,ccw,-,sw,w,2
R,gamma6,alpha1,tog,opp,anti,ccw,-,se,s,pro,ccw,+,sw,n,2
R,gamma6,gamma7,tog,opp,anti,ccw,-,se,s,pro,ccw,-,sw,w,2
R,gamma8,beta1,split,opp,anti,ccw,+,sw,n,pro,ccw,+,nw,n,2
R,gamma8,gamma15,split,opp,anti,ccw,+,sw,n,pro,ccw,-,nw,w,2
R,gamma8,gamma1,split,opp,anti,ccw,-,sw,w,pro,ccw,+,nw,n,2
R,gamma8,beta7,split,opp,anti,ccw,-,sw,w,pro,ccw,-,nw,w,2
R,gamma10,gamma9,split,opp,anti,cw,+,se,e,pro,cw,+,ne,n,2
R,gamma10,alpha7,split,opp,anti,cw,+,se,e,pro,cw,-,ne,w,2
R,gamma10,beta1,split,opp,anti,cw,-,se,n,pro,cw,+,ne,n,2
R,gamma10,gamma15,split,opp,anti,cw,-,se,n,pro,cw,-,ne,w,2
R,gamma12,alpha1,tog,opp,anti,cw,+,sw,s,pro,cw,+,se,n,2
R,gamma12,gamma7,tog,opp,anti,cw,+,sw,s,pro,cw,-,se,w,2
R,gamma12,gamma9,tog,opp,anti,cw,-,sw,e,pro,cw,+,se,n,2
R,gamma12,alpha7,tog,opp,anti,cw,-,sw,e,pro,cw,-,se,w,2
R,gamma14,gamma1,split,opp,anti,cw,+,nw,w,pro,cw,+,sw,n,2
R,gamma14,beta7,split,opp,anti,cw,+,nw,w,pro,cw,-,sw,w,2
R,gamma14,alpha1,split,opp,anti,cw,-,nw,s,pro,cw,+,sw,n,2
R,gamma14,gamma7,split,opp,anti,cw,-,nw,s,pro,cw,-,sw,w,2
R,gamma16,beta1,tog,opp,anti,cw,+,ne,n,pro,cw,+,nw,n,2
R,gamma16,gamma15,tog,opp,anti,cw,+,ne,n,pro,cw,-,nw,w,2
R,gamma16,gamma1,tog,opp,anti,cw,-,ne,w,pro,cw,+,nw,n,2
R,gamma16,beta7,tog,opp,anti,cw,-,ne,w,pro,cw,-,nw,w,2
R,gamma2,gamma9,tog,opp,pro,cw,+,nw,e,anti,cw,+,ne,n,2
R,gamma2,alpha7,tog,opp,pro,cw,+,nw,e,anti,cw,-,ne,w,2
R,gamma2,beta1,tog,opp,pro,cw,-,nw,n,anti,cw,+,ne,n,2
R,gamma2,gamma15,tog,opp,pro,cw,-,nw,n,anti,cw,-,ne,w,2
R,gamma4,alpha1,split,opp,pro,cw,+,ne,s,anti,cw,+,se,n,2
R,gamma4,gamma7,split,opp,pro,cw,+,ne,s,anti,cw,-,se,w,2
R,gamma4,gamma9,split,opp,pro,cw,-,ne,e,anti,cw,+,se,n,2
R,gamma4,alpha7,split,opp,pro,cw,-,ne,e,anti,cw,-,se,w,2
R,gamma6,gamma1,tog,opp,pro,cw,+,se,w,anti,cw,+,sw,n,2
R,gamma6,beta7,tog,opp,pro,cw,+,se,w,anti,cw,-,sw,w,2
R,gamma6,alpha1,tog,opp,pro,cw,-,se,s,anti,cw,+,sw,n,2
R,gamma6,gamma7,tog,opp,pro,cw,-,se,s,anti,cw,-,sw,w,2
R,gamma8,beta1,split,opp,pro,cw,+,sw,n,anti,cw,+,nw,n,2
R,gamma8,gamma15,split,opp,pro,cw,+,sw,n,anti,cw,-,nw,w,2
R,gamma8,gamma1,split,opp,pro,cw,-,sw,w,anti,cw,+,nw,n,2
R,gamma8,beta7,split,opp,pro,cw,-,sw,w,anti,cw,-,nw,w,2
R,gamma10,gamma9,split,opp,pro,ccw,+,se,e,anti,ccw,+,ne,n,2
R,gamma10,alpha7,split,opp,pro,ccw,+,se,e,anti,ccw,-,ne,w,2
R,gamma10,beta1,split,opp,pro,ccw,-,se,n,anti,ccw,+,ne,n,2
R,gamma10,gamma15,split,opp,pro,ccw,-,se,n,anti,ccw,-,ne,w,2
R,gamma12,alpha1,tog,opp,pro,ccw,+,sw,s,anti,ccw,+,se,n,2
R,gamma12,gamma7,tog,opp,pro,ccw,+,sw,s,anti,ccw,-,se,w,2
R,gamma12,gamma9,tog,opp,pro,ccw,-,sw,e,anti,ccw,+,se,n,2
R,gamma12,alpha7,tog,opp,pro,ccw,-,sw,e,anti,ccw,-,se,w,2
R,gamma14,gamma1,split,opp,pro,ccw,+,nw,w,anti,ccw,+,sw,n,2
R,gamma14,beta7,split,opp,pro,ccw,+,nw,w,anti,ccw,-,sw,w,2
R,gamma14,alpha1,split,opp,pro,ccw,-,nw,s,anti,ccw,+,sw,n,2
R,gamma14,gamma7,split,opp,pro,ccw,-,nw,s,anti,ccw,-,sw,w,2
R,gamma16,beta1,tog,opp,pro,ccw,+,ne,n,anti,ccw,+,nw,n,2
R,gamma16,gamma15,tog,opp,pro,ccw,+,ne,n,anti,ccw,-,nw,w,2
R,gamma16,gamma1,tog,opp,pro,ccw,-,ne,w,anti,ccw,+,nw,n,2
R,gamma16,beta7,tog,opp,pro,ccw,-,ne,w,anti,ccw,-,nw,w,2
S,gamma2,gamma9,quarter,same,pro,cw,+,nw,e,pro,cw,+,ne,n,2
S,gamma2,alpha7,quarter,same,pro,cw,+,nw,e,pro,cw,-,ne,w,2
S,gamma2,beta1,quarter,same,pro,cw,-,nw,n,pro,cw,+,ne,n,2
S,gamma2,gamma15,quarter,same,pro,cw,-,nw,n,pro,cw,-,ne,w,2
S,gamma4,alpha1,quarter,same,pro,cw,+,ne,s,pro,cw,+,se,n,2
S,gamma4,gamma7,quarter,same,pro,cw,+,ne,s,pro,cw,-,se,w,2
S,gamma4,gamma9,quarter,same,pro,cw,-,ne,e,pro,cw,+,se,n,2
S,gamma4,alpha7,quarter,same,pro,cw,-,ne,e,pro,cw,-,se,w,2
S,gamma6,gamma1,quarter,same,pro,cw,+,se,w,pro,cw,+,sw,n,2
S,gamma6,beta7,quarter,same,pro,cw,+,se,w,pro,cw,-,sw,w,2
S,gamma6,alpha1,quarter,same,pro,cw,-,se,s,pro,cw,+,sw,n,2
S,gamma6,gamma7,quarter,same,pro,cw,-,se,s,pro,cw,-,sw,w,2
S,gamma8,beta1,quarter,same,pro,cw,+,sw,n,pro,cw,+,nw,n,2
S,gamma8,gamma15,quarter,same,pro,cw,+,sw,n,pro,cw,-,nw,w,2
S,gamma8,gamma1,quarter,same,pro,cw,-,sw,w,pro,cw,+,nw,n,2
S,gamma8,beta7,quarter,same,pro,cw,-,sw,w,pro,cw,-,nw,w,2
S,gamma2,gamma1,quarter,same,pro,ccw,+,nw,w,pro,ccw,+,ne,n,2
S,gamma2,beta7,quarter,same,pro,ccw,+,nw,w,pro,ccw,-,ne,w,2
S,gamma2,alpha1,quarter,same,pro,ccw,-,nw,s,pro,ccw,+,ne,n,2
S,gamma2,gamma7,quarter,same,pro,ccw,-,nw,s,pro,ccw,-,ne,w,2
S,gamma4,beta1,quarter,same,pro,ccw,+,ne,n,pro,ccw,+,se,n,2
S,gamma4,gamma15,quarter,same,pro,ccw,+,ne,n,pro,ccw,-,se,w,2
S,gamma4,gamma1,quarter,same,pro,ccw,-,ne,w,pro,ccw,+,se,n,2
S,gamma4,beta7,quarter,same,pro,ccw,-,ne,w,pro,ccw,-,se,w,2
S,gamma8,alpha1,quarter,same,pro,ccw,+,sw,s,pro,ccw,+,nw,n,2
S,gamma8,gamma7,quarter,same,pro,ccw,+,sw,s,pro,ccw,-,nw,w,2
S,gamma8,gamma9,quarter,same,pro,ccw,-,sw,e,pro,ccw,+,nw,n,2
S,gamma8,alpha7,quarter,same,pro,ccw,-,sw,e,pro,ccw,-,nw,w,2
S,gamma6,gamma9,quarter,same,pro,ccw,+,se,e,pro,ccw,+,sw,n,2
S,gamma6,alpha7,quarter,same,pro,ccw,+,se,e,pro,ccw,-,sw,w,2
S,gamma6,beta1,quarter,same,pro,ccw,-,se,n,pro,ccw,+,sw,n,2
S,gamma6,gamma15,quarter,same,pro,ccw,-,se,n,pro,ccw,-,sw,w,2
S,gamma16,alpha1,quarter,same,pro,cw,+,ne,s,pro,cw,+,nw,n,2
S,gamma16,gamma7,quarter,same,pro,cw,+,ne,s,pro,cw,-,nw,w,2
S,gamma16,gamma9,quarter,same,pro,cw,-,ne,e,pro,cw,+,nw,n,2
S,gamma16,alpha7,quarter,same,pro,cw,-,ne,e,pro,cw,-,nw,w,2
S,gamma10,gamma1,quarter,same,pro,cw,+,se,w,pro,cw,+,ne,n,2
S,gamma10,beta7,quarter,same,pro,cw,+,se,w,pro,cw,-,ne,w,2
S,gamma10,alpha1,quarter,same,pro,cw,-,se,s,pro,cw,+,ne,n,2
S,gamma10,gamma7,quarter,same,pro,cw,-,se,s,pro,cw,-,ne,w,2
S,gamma12,beta1,quarter,same,pro,cw,+,sw,n,pro,cw,+,se,n,2
S,gamma12,gamma15,quarter,same,pro,cw,+,sw,n,pro,cw,-,se,w,2
S,gamma12,gamma1,quarter,same,pro,cw,-,sw,w,pro,cw,+,se,n,2
S,gamma12,beta7,quarter,same,pro,cw,-,sw,w,pro,cw,-,se,w,2
S,gamma14,gamma9,quarter,same,pro,cw,+,nw,e,pro,cw,+,sw,n,2
S,gamma14,alpha7,quarter,same,pro,cw,+,nw,e,pro,cw,-,sw,w,2
S,gamma14,beta1,quarter,same,pro,cw,-,nw,n,pro,cw,+,sw,n,2
S,gamma14,gamma15,quarter,same,pro,cw,-,nw,n,pro,cw,-,sw,w,2
S,gamma16,beta1,quarter,same,pro,ccw,+,ne,n,pro,ccw,+,nw,n,2
S,gamma16,gamma15,quarter,same,pro,ccw,+,ne,n,pro,ccw,-,nw,w,2
S,gamma16,gamma1,quarter,same,pro,ccw,-,ne,w,pro,ccw,+,nw,n,2
S,gamma16,beta7,quarter,same,pro,ccw,-,ne,w,pro,ccw,-,nw,w,2
S,gamma14,gamma1,quarter,same,pro,ccw,+,nw,w,pro,ccw,+,sw,n,2
S,gamma14,beta7,quarter,same,pro,ccw,+,nw,w,pro,ccw,-,sw,w,2
S,gamma14,alpha1,quarter,same,pro,ccw,-,nw,s,pro,ccw,+,sw,n,2
S,gamma14,gamma7,quarter,same,pro,ccw,-,nw,s,pro,ccw,-,sw,w,2
S,gamma12,alpha1,quarter,same,pro,ccw,+,sw,s,pro,ccw,+,se,n,2
S,gamma12,gamma7,quarter,same,pro,ccw,+,sw,s,pro,ccw,-,se,w,2
S,gamma12,gamma9,quarter,same,pro,ccw,-,sw,e,pro,ccw,+,se,n,2
S,gamma12,alpha7,quarter,same,pro,ccw,-,sw,e,pro,ccw,-,se,w,2
S,gamma10,gamma9,quarter,same,pro,ccw,+,se,e,pro,ccw,+,ne,n,2
S,gamma10,alpha7,quarter,same,pro,ccw,+,se,e,pro,ccw,-,ne,w,2
S,gamma10,beta1,quarter,same,pro,ccw,-,se,n,pro,ccw,+,ne,n,2
S,gamma10,gamma15,quarter,same,pro,ccw,-,se,n,pro,ccw,-,ne,w,2
T,gamma2,gamma9,quarter,same,anti,ccw,+,nw,e,anti,ccw,+,ne,n,2
T,gamma2,alpha7,quarter,same,anti,ccw,+,nw,e,anti,ccw,-,ne,w,2
T,gamma2,beta1,quarter,same,anti,ccw,-,nw,n,anti,ccw,+,ne,n,2
T,gamma2,gamma15,quarter,same,anti,ccw,-,nw,n,anti,ccw,-,ne,w,2
T,gamma4,alpha1,quarter,same,anti,ccw,+,ne,s,anti,ccw,+,se,n,2
T,gamma4,gamma7,quarter,same,anti,ccw,+,ne,s,anti,ccw,-,se,w,2
T,gamma4,gamma9,quarter,same,anti,ccw,-,ne,e,anti,ccw,+,se,n,2
T,gamma4,alpha7,quarter,same,anti,ccw,-,ne,e,anti,ccw,-,se,w,2
T,gamma6,gamma1,quarter,same,anti,ccw,+,se,w,anti,ccw,+,sw,n,2
T,gamma6,beta7,quarter,same,anti,ccw,+,se,w,anti,ccw,-,sw,w,2
T,gamma6,alpha1,quarter,same,anti,ccw,-,se,s,anti,ccw,+,sw,n,2
T,gamma6,gamma7,quarter,same,anti,ccw,-,se,s,anti,ccw,-,sw,w,2
T,gamma8,beta1,quarter,same,anti,ccw,+,sw,n,anti,ccw,+,nw,n,2
T,gamma8,gamma15,quarter,same,anti,ccw,+,sw,n,anti,ccw,-,nw,w,2
T,gamma8,gamma1,quarter,same,anti,ccw,-,sw,w,anti,ccw,+,nw,n,2
T,gamma8,beta7,quarter,same,anti,ccw,-,sw,w,anti,ccw,-,nw,w,2
T,gamma2,gamma1,quarter,same,anti,cw,+,nw,w,anti,cw,+,ne,n,2
T,gamma2,beta7,quarter,same,anti,cw,+,nw,w,anti,cw,-,ne,w,2
T,gamma2,alpha1,quarter,same,anti,cw,-,nw,s,anti,cw,+,ne,n,2
T,gamma2,gamma7,quarter,same,anti,cw,-,nw,s,anti,cw,-,ne,w,2
T,gamma4,beta1,quarter,same,anti,cw,+,ne,n,anti,cw,+,se,n,2
T,gamma4,gamma15,quarter,same,anti,cw,+,ne,n,anti,cw,-,se,w,2
T,gamma4,gamma1,quarter,same,anti,cw,-,ne,w,anti,cw,+,se,n,2
T,gamma4,beta7,quarter,same,anti,cw,-,ne,w,anti,cw,-,se,w,2
T,gamma8,alpha1,quarter,same,anti,cw,+,sw,s,anti,cw,+,nw,n,2
T,gamma8,gamma7,quarter,same,anti,cw,+,sw,s,anti,cw,-,nw,w,2
T,gamma8,gamma9,quarter,same,anti,cw,-,sw,e,anti,cw,+,nw,n,2
T,gamma8,alpha7,quarter,same,anti,cw,-,sw,e,anti,cw,-,nw,w,2
T,gamma6,gamma9,quarter,same,anti,cw,+,se,e,anti,cw,+,sw,n,2
T,gamma6,alpha7,quarter,same,anti,cw,+,se,e,anti,cw,-,sw,w,2
T,gamma6,beta1,quarter,same,anti,cw,-,se,n,anti,cw,+,sw,n,2
T,gamma6,gamma15,quarter,same,anti,cw,-,se,n,anti,cw,-,sw,w,2
T,gamma16,alpha1,quarter,same,anti,ccw,+,ne,s,anti,ccw,+,nw,n,2
T,gamma16,gamma7,quarter,same,anti,ccw,+,ne,s,anti,ccw,-,nw,w,2
T,gamma16,gamma9,quarter,same,anti,ccw,-,ne,e,anti,ccw,+,nw,n,2
T,gamma16,alpha7,quarter,same,anti,ccw,-,ne,e,anti,ccw,-,nw,w,2
T,gamma10,gamma1,quarter,same,anti,ccw,+,se,w,anti,ccw,+,ne,n,2
T,gamma10,beta7,quarter,same,anti,ccw,+,se,w,anti,ccw,-,ne,w,2
T,gamma10,alpha1,quarter,same,anti,ccw,-,se,s,anti,ccw,+,ne,n,2
T,gamma10,gamma7,quarter,same,anti,ccw,-,se,s,anti,ccw,-,ne,w,2
T,gamma12,beta1,quarter,same,anti,ccw,+,sw,n,anti,ccw,+,se,n,2
T,gamma12,gamma15,quarter,same,anti,ccw,+,sw,n,anti,ccw,-,se,w,2
T,gamma12,gamma1,quarter,same,anti,ccw,-,sw,w,anti,ccw,+,se,n,2
T,gamma12,beta7,quarter,same,anti,ccw,-,sw,w,anti,ccw,-,se,w,2
T,gamma14,gamma9,quarter,same,anti,ccw,+,nw,e,anti,ccw,+,sw,n,2
T,gamma14,alpha7,quarter,same,anti,ccw,+,nw,e,anti,ccw,-,sw,w,2
T,gamma14,beta1,quarter,same,anti,ccw,-,nw,n,anti,ccw,+,sw,n,2
T,gamma14,gamma15,quarter,same,anti,ccw,-,nw,n,anti,ccw,-,sw,w,2
T,gamma16,beta1,quarter,same,anti,cw,+,ne,n,anti,cw,+,nw,n,2
T,gamma16,gamma15,quarter,same,anti,cw,+,ne,n,anti,cw,-,nw,w,2
T,gamma16,gamma1,quarter,same,anti,cw,-,ne,w,anti,cw,+,nw,n,2
T,gamma16,beta7,quarter,same,anti,cw,-,ne,w,anti,cw,-,nw,w,2
T,gamma14,gamma1,quarter,same,anti,cw,+,nw,w,anti,cw,+,sw,n,2
T,gamma14,beta7,quarter,same,anti,cw,+,nw,w,anti,cw,-,sw,w,2
T,gamma14,alpha1,quarter,same,anti,cw,-,nw,s,anti,cw,+,sw,n,2
T,gamma14,gamma7,quarter,same,anti,cw,-,nw,s,anti,cw,-,sw,w,2
T,gamma12,alpha1,quarter,same,anti,cw,+,sw,s,anti,cw,+,se,n,2
T,gamma12,gamma7,quarter,same,anti,cw,+,sw,s,anti,cw,-,se,w,2
T,gamma12,gamma9,quarter,same,anti,cw,-,sw,e,anti,cw,+,se,n,2
T,gamma12,alpha7,quarter,same,anti,cw,-,sw,e,anti,cw,-,se,w,2
T,gamma10,gamma9,quarter,same,anti,cw,+,se,e,anti,cw,+,ne,n,2
T,gamma10,alpha7,quarter,same,anti,cw,+,se,e,anti,cw,-,ne,w,2
T,gamma10,beta1,quarter,same,anti,cw,-,se,n,anti,cw,+,ne,n,2
T,gamma10,gamma15,quarter,same,anti,cw,-,se,n,anti,cw,-,ne,w,2
U,gamma2,gamma1,quarter,same,pro,ccw,+,nw,w,anti,cw,+,ne,n,2
U,gamma2,beta7,quarter,same,pro,ccw,+,nw,w,anti,cw,-,ne,w,2
U,gamma2,alpha1,quarter,same,pro,ccw,-,nw,s,anti,cw,+,ne,n,2
U,gamma2,gamma7,quarter,same,pro,ccw,-,nw,s,anti,cw,-,ne,w,2
U,gamma8,alpha1,quarter,same,pro,ccw,+,sw,s,anti,cw,+,nw,n,2
U,gamma8,gamma7,quarter,same,pro,ccw,+,sw,s,anti,cw,-,nw,w,2
U,gamma8,gamma9,quarter,same,pro,ccw,-,sw,e,anti,cw,+,nw,n,2
U,gamma8,alpha7,quarter,same,pro,ccw,-,sw,e,anti,cw,-,nw,w,2
U,gamma6,gamma9,quarter,same,pro,ccw,+,se,e,anti,cw,+,sw,n,2
U,gamma6,alpha7,quarter,same,pro,ccw,+,se,e,anti,cw,-,sw,w,2
U,gamma6,beta1,quarter,same,pro,ccw,-,se,n,anti,cw,+,sw,n,2
U,gamma6,gamma15,quarter,same,pro,ccw,-,se,n,anti,cw,-,sw,w,2
U,gamma4,beta1,quarter,same,pro,ccw,+,ne,n,anti,cw,+,se,n,2
U,gamma4,gamma15,quarter,same,pro,ccw,+,ne,n,anti,cw,-,se,w,2
U,gamma4,gamma1,quarter,same,pro,ccw,-,ne,w,anti,cw,+,se,n,2
U,gamma4,beta7,quarter,same,pro,ccw,-,ne,w,anti,cw,-,se,w,2
U,gamma2,gamma9,quarter,same,anti,ccw,+,nw,e,pro,cw,+,ne,n,2
U,gamma2,alpha7,quarter,same,anti,ccw,+,nw,e,pro,cw,-,ne,w,2
U,gamma2,beta1,quarter,same,anti,ccw,-,nw,n,pro,cw,+,ne,n,2
U,gamma2,gamma15,quarter,same,anti,ccw,-,nw,n,pro,cw,-,ne,w,2
U,gamma4,alpha1,quarter,same,anti,ccw,+,ne,s,pro,cw,+,se,n,2
U,gamma4,gamma7,quarter,same,anti,ccw,+,ne,s,pro,cw,-,se,w,2
U,gamma4,gamma9,quarter,same,anti,ccw,-,ne,e,pro,cw,+,se,n,2
U,gamma4,alpha7,quarter,same,anti,ccw,-,ne,e,pro,cw,-,se,w,2
U,gamma6,gamma1,quarter,same,anti,ccw,+,se,w,pro,cw,+,sw,n,2
U,gamma6,beta7,quarter,same,anti,ccw,+,se,w,pro,cw,-,sw,w,2
U,gamma6,alpha1,quarter,same,anti,ccw,-,se,s,pro,cw,+,sw,n,2
U,gamma6,gamma7,quarter,same,anti,ccw,-,se,s,pro,cw,-,sw,w,2
U,gamma8,beta1,quarter,same,anti,ccw,+,sw,n,pro,cw,+,nw,n,2
U,gamma8,gamma15,quarter,same,anti,ccw,+,sw,n,pro,cw,-,nw,w,2
U,gamma8,gamma1,quarter,same,anti,ccw,-,sw,w,pro,cw,+,nw,n,2
U,gamma8,beta7,quarter,same,anti,ccw,-,sw,w,pro,cw,-,nw,w,2
U,gamma10,gamma1,quarter,same,pro,cw,+,se,w,anti,ccw,+,ne,n,2
U,gamma10,beta7,quarter,same,pro,cw,+,se,w,anti,ccw,-,ne,w,2
U,gamma10,alpha1,quarter,same,pro,cw,-,se,s,anti,ccw,+,ne,n,2
U,gamma10,gamma7,quarter,same,pro,cw,-,se,s,anti,ccw,-,ne,w,2
U,gamma12,beta1,quarter,same,pro,cw,+,sw,n,anti,ccw,+,se,n,2
U,gamma12,gamma15,quarter,same,pro,cw,+,sw,n,anti,ccw,-,se,w,2
U,gamma12,gamma1,quarter,same,pro,cw,-,sw,w,anti,ccw,+,se,n,2
U,gamma12,beta7,quarter,same,pro,cw,-,sw,w,anti,ccw,-,se,w,2
U,gamma14,gamma9,quarter,same,pro,cw,+,nw,e,anti,ccw,+,sw,n,2
U,gamma14,alpha7,quarter,same,pro,cw,+,nw,e,anti,ccw,-,sw,w,2
U,gamma14,beta1,quarter,same,pro,cw,-,nw,n,anti,ccw,+,sw,n,2
U,gamma14,gamma15,quarter,same,pro,cw,-,nw,n,anti,ccw,-,sw,w,2
U,gamma16,alpha1,quarter,same,pro,cw,+,ne,s,anti,ccw,+,nw,n,2
U,gamma16,gamma7,quarter,same,pro,cw,+,ne,s,anti,ccw,-,nw,w,2
U,gamma16,gamma9,quarter,same,pro,cw,-,ne,e,anti,ccw,+,nw,n,2
U,gamma16,alpha7,quarter,same,pro,cw,-,ne,e,anti,ccw,-,nw,w,2
U,gamma10,gamma9,quarter,same,anti,cw,+,se,e,pro,ccw,+,ne,n,2
U,gamma10,alpha7,quarter,same,anti,cw,+,se,e,pro,ccw,-,ne,w,2
U,gamma10,beta1,quarter,same,anti,cw,-,se,n,pro,ccw,+,ne,n,2
U,gamma10,gamma15,quarter,same,anti,cw,-,se,n,pro,ccw,-,ne,w,2
U,gamma12,alpha1,quarter,same,anti,cw,+,sw,s,pro,ccw,+,se,n,2
U,gamma12,gamma7,quarter,same,anti,cw,+,sw,s,pro,ccw,-,se,w,2
U,gamma12,gamma9,quarter,same,anti,cw,-,sw,e,pro,ccw,+,se,n,2
U,gamma12,alpha7,quarter,same,anti,cw,-,sw,e,pro,ccw,-,se,w,2
U,gamma14,gamma1,quarter,same,anti,cw,+,nw,w,pro,ccw,+,sw,n,2
U,gamma14,beta7,quarter,same,anti,cw,+,nw,w,pro,ccw,-,sw,w,2
U,gamma14,alpha1,quarter,same,anti,cw,-,nw,s,pro,ccw,+,sw,n,2
U,gamma14,gamma7,quarter,same,anti,cw,-,nw,s,pro,ccw,-,sw,w,2
U,gamma16,beta1,quarter,same,anti,cw,+,ne,n,pro,ccw,+,nw,n,2
U,gamma16,gamma15,quarter,same,anti,cw,+,ne,n,pro,ccw,-,nw,w,2
U,gamma16,gamma1,quarter,same,anti,cw,-,ne,w,pro,ccw,+,nw,n,2
U,gamma16,beta7,quarter,same,anti,cw,-,ne,w,pro,ccw,-,nw,w,2
V,gamma2,gamma1,quarter,same,anti,cw,+,nw,w,pro,ccw,+,ne,n,2
V,gamma2,beta7,quarter,same,anti,cw,+,nw,w,pro,ccw,-,ne,w,2
V,gamma2,alpha1,quarter,same,anti,cw,-,nw,s,pro,ccw,+,ne,n,2
V,gamma2,gamma7,quarter,same,anti,cw,-,nw,s,pro,ccw,-,ne,w,2
V,gamma8,alpha1,quarter,same,anti,cw,+,sw,s,pro,ccw,+,nw,n,2
V,gamma8,gamma7,quarter,same,anti,cw,+,sw,s,pro,ccw,-,nw,w,2
V,gamma8,gamma9,quarter,same,anti,cw,-,sw,e,pro,ccw,+,nw,n,2
V,gamma8,alpha7,quarter,same,anti,cw,-,sw,e,pro,ccw,-,nw,w,2
V,gamma6,gamma9,quarter,same,anti,cw,+,se,e,pro,ccw,+,sw,n,2
V,gamma6,alpha7,quarter,same,anti,cw,+,se,e,pro,ccw,-,sw,w,2
V,gamma6,beta1,quarter,same,anti,cw,-,se,n,pro,ccw,+,sw,n,2
V,gamma6,gamma15,quarter,same,anti,cw,-,se,n,pro,ccw,-,sw,w,2
V,gamma4,beta1,quarter,same,anti,cw,+,ne,n,pro,ccw,+,se,n,2
V,gamma4,gamma15,quarter,same,anti,cw,+,ne,n,pro,ccw,-,se,w,2
V,gamma4,gamma1,quarter,same,anti,cw,-,ne,w,pro,ccw,+,se,n,2
V,gamma4,beta7,quarter,same,anti,cw,-,ne,w,pro,ccw,-,se,w,2
V,gamma2,gamma9,quarter,same,pro,cw,+,nw,e,anti,ccw,+,ne,n,2
V,gamma2,alpha7,quarter,same,pro,cw,+,nw,e,anti,ccw,-,ne,w,2
V,gamma2,beta1,quarter,same,pro,cw,-,nw,n,anti,ccw,+,ne,n,2
V,gamma2,gamma15,quarter,same,pro,cw,-,nw,n,anti,ccw,-,ne,w,2
V,gamma4,alpha1,quarter,same,pro,cw,+,ne,s,anti,ccw,+,se,n,2
V,gamma4,gamma7,quarter,same,pro,cw,+,ne,s,anti,ccw,-,se,w,2
V,gamma4,gamma9,quarter,same,pro,cw,-,ne,e,anti,ccw,+,se,n,2
V,gamma4,alpha7,quarter,same,pro,cw,-,ne,e,anti,ccw,-,se,w,2
V,gamma6,gamma1,quarter,same,pro,cw,+,se,w,anti,ccw,+,sw,n,2
V,gamma6,beta7,quarter,same,pro,cw,+,se,w,anti,ccw,-,sw,w,2
V,gamma6,alpha1,quarter,same,pro,cw,-,se,s,anti,ccw,+,sw,n,2
V,gamma6,gamma7,quarter,same,pro,cw,-,se,s,anti,ccw,-,sw,w,2
V,gamma8,beta1,quarter,same,pro,cw,+,sw,n,anti,ccw,+,nw,n,2
V,gamma8,gamma15,quarter,same,pro,cw,+,sw,n,anti,ccw,-,nw,w,2
V,gamma8,gamma1,quarter,same,pro,cw,-,sw,w,anti,ccw,+,nw,n,2
V,gamma8,beta7,quarter,same,pro,cw,-,sw,w,anti,ccw,-,nw,w,2
V,gamma10,gamma1,quarter,same,anti,ccw,+,se,w,pro,cw,+,ne,n,2
V,gamma10,beta7,quarter,same,anti,ccw,+,se,w,pro,cw,-,ne,w,2
V,gamma10,alpha1,quarter,same,anti,ccw,-,se,s,pro,cw,+,ne,n,2
V,gamma10,gamma7,quarter,same,anti,ccw,-,se,s,pro,cw,-,ne,w,2
V,gamma12,beta1,quarter,same,anti,ccw,+,sw,n,pro,cw,+,se,n,2
V,gamma12,gamma15,quarter,same,anti,ccw,+,sw,n,pro,cw,-,se,w,2
V,gamma12,gamma1,quarter,same,anti,ccw,-,sw,w,pro,cw,+,se,n,2
V,gamma12,beta7,quarter,same,anti,ccw,-,sw,w,pro,cw,-,se,w,2
V,gamma14,gamma9,quarter,same,anti,ccw,+,nw,e,pro,cw,+,sw,n,2
V,gamma14,alpha7,quarter,same,anti,ccw,+,nw,e,pro,cw,-,sw,w,2
V,gamma14,beta1,quarter,same,anti,ccw,-,nw,n,pro,cw,+,sw,n,2
V,gamma14,gamma15,quarter,same,anti,ccw,-,nw,n,pro,cw,-,sw,w,2
V,gamma16,alpha1,quarter,same,anti,ccw,+,ne,s,pro,cw,+,nw,n,2
V,gamma16,gamma7,quarter,same,anti,ccw,+,ne,s,pro,cw,-,nw,w,2
V,gamma16,gamma9,quarter,same,anti,ccw,-,ne,e,pro,cw,+,nw,n,2
V,gamma16,alpha7,quarter,same,anti,ccw,-,ne,e,pro,cw,-,nw,w,2
V,gamma10,gamma9,quarter,same,pro,ccw,+,se,e,anti,cw,+,ne,n,2
V,gamma10,alpha7,quarter,same,pro,ccw,+,se,e,anti,cw,-,ne,w,2
V,gamma10,beta1,quarter,same,pro,ccw,-,se,n,anti,cw,+,ne,n,2
V,gamma10,gamma15,quarter,same,pro,ccw,-,se,n,anti,cw,-,ne,w,2
V,gamma12,alpha1,quarter,same,pro,ccw,+,sw,s,anti,cw,+,se,n,2
V,gamma12,gamma7,quarter,same,pro,ccw,+,sw,s,anti,cw,-,se,w,2
V,gamma12,gamma9,quarter,same,pro,ccw,-,sw,e,anti,cw,+,se,n,2
V,gamma12,alpha7,quarter,same,pro,ccw,-,sw,e,anti,cw,-,se,w,2
V,gamma14,gamma1,quarter,same,pro,ccw,+,nw,w,anti,cw,+,sw,n,2
V,gamma14,beta7,quarter,same,pro,ccw,+,nw,w,anti,cw,-,sw,w,2
V,gamma14,alpha1,quarter,same,pro,ccw,-,nw,s,anti,cw,+,sw,n,2
V,gamma14,gamma7,quarter,same,pro,ccw,-,nw,s,anti,cw,-,sw,w,2
V,gamma16,beta1,quarter,same,pro,ccw,+,ne,n,anti,cw,+,nw,n,2
V,gamma16,gamma15,quarter,same,pro,ccw,+,ne,n,anti,cw,-,nw,w,2
V,gamma16,gamma1,quarter,same,pro,ccw,-,ne,w,anti,cw,+,nw,n,2
V,gamma16,beta7,quarter,same,pro,ccw,-,ne,w,anti,cw,-,nw,w,2
W,gamma2,eta1,none,none,static,noRotation,,nw,nw,pro,cw,+,ne,n,1
W,gamma2,eta15,none,none,static,noRotation,,nw,nw,pro,cw,-,ne,w,1
W,gamma4,eta9,none,none,static,noRotation,,ne,ne,pro,cw,+,se,n,1
W,gamma4,zeta15,none,none,static,noRotation,,ne,ne,pro,cw,-,se,w,1
W,gamma6,zeta9,none,none,static,noRotation,,se,se,pro,cw,+,sw,n,1
W,gamma6,zeta7,none,none,static,noRotation,,se,se,pro,cw,-,sw,w,1
W,gamma8,zeta1,none,none,static,noRotation,,sw,sw,pro,cw,+,nw,n,1
W,gamma8,eta7,none,none,static,noRotation,,sw,sw,pro,cw,-,nw,w,1
W,gamma10,zeta9,none,none,static,noRotation,,se,se,pro,ccw,+,ne,n,1
W,gamma10,zeta7,none,none,static,noRotation,,se,se,pro,ccw,-,ne,w,1
W,gamma12,zeta1,none,none,static,noRotation,,sw,sw,pro,ccw,+,se,n,1
W,gamma12,eta7,none,none,static,noRotation,,sw,sw,pro,ccw,-,se,w,1
W,gamma14,eta1,none,none,static,noRotation,,nw,nw,pro,ccw,+,sw,n,1
W,gamma14,eta15,none,none,static,noRotation,,nw,nw,pro,ccw,-,sw,w,1
W,gamma16,eta9,none,none,static,noRotation,,ne,ne,pro,ccw,+,nw,n,1
W,gamma16,zeta15,none,none,static,noRotation,,ne,ne,pro,ccw,-,nw,w,1
X,gamma2,eta1,none,none,static,noRotation,,nw,nw,anti,ccw,+,ne,n,1
X,gamma2,eta15,none,none,static,noRotation,,nw,nw,anti,ccw,-,ne,w,1
X,gamma4,eta9,none,none,static,noRotation,,ne,ne,anti,ccw,+,se,n,1
X,gamma4,zeta15,none,none,static,noRotation,,ne,ne,anti,ccw,-,se,w,1
X,gamma6,zeta9,none,none,static,noRotation,,se,se,anti,ccw,+,sw,n,1
X,gamma6,zeta7,none,none,static,noRotation,,se,se,anti,ccw,-,sw,w,1
X,gamma8,zeta1,none,none,static,noRotation,,sw,sw,anti,ccw,+,nw,n,1
X,gamma8,eta7,none,none,static,noRotation,,sw,sw,anti,ccw,-,nw,w,1
X,gamma10,zeta9,none,none,static,noRotation,,se,se,anti,cw,+,ne,n,1
X,gamma10,zeta7,none,none,static,noRotation,,se,se,anti,cw,-,ne,w,1
X,gamma12,zeta1,none,none,static,noRotation,,sw,sw,anti,cw,+,se,n,1
X,gamma12,eta7,none,none,static,noRotation,,sw,sw,anti,cw,-,se,w,1
X,gamma14,eta1,none,none,static,noRotation,,nw,nw,anti,cw,+,sw,n,1
X,gamma14,eta15,none,none,static,noRotation,,nw,nw,anti,cw,-,sw,w,1
X,gamma16,eta9,none,none,static,noRotation,,ne,ne,anti,cw,+,nw,n,1
X,gamma16,zeta15,none,none,static,noRotation,,ne,ne,anti,cw,-,nw,w,1
Y,gamma2,eta1,none,none,static,noRotation,,nw,nw,pro,ccw,+,ne,n,1
Y,gamma2,eta15,none,none,static,noRotation,,nw,nw,pro,ccw,-,ne,w,1
Y,gamma4,eta9,none,none,static,noRotation,,ne,ne,pro,ccw,+,se,n,1
Y,gamma4,zeta15,none,none,static,noRotation,,ne,ne,pro,ccw,-,se,w,1
Y,gamma6,zeta9,none,none,static,noRotation,,se,se,pro,ccw,+,sw,n,1
Y,gamma6,zeta7,none,none,static,noRotation,,se,se,pro,ccw,-,sw,w,1
Y,gamma8,zeta1,none,none,static,noRotation,,sw,sw,pro,ccw,+,nw,n,1
Y,gamma8,eta7,none,none,static,noRotation,,sw,sw,pro,ccw,-,nw,w,1
Y,gamma10,zeta9,none,none,static,noRotation,,se,se,pro,cw,+,ne,n,1
Y,gamma10,zeta7,none,none,static,noRotation,,se,se,pro,cw,-,ne,w,1
Y,gamma12,zeta1,none,none,static,noRotation,,sw,sw,pro,cw,+,se,n,1
Y,gamma12,eta7,none,none,static,noRotation,,sw,sw,pro,cw,-,se,w,1
Y,gamma14,eta1,none,none,static,noRotation,,nw,nw,pro,cw,+,sw,n,1
Y,gamma14,eta15,none,none,static,noRotation,,nw,nw,pro,cw,-,sw,w,1
Y,gamma16,eta9,none,none,static,noRotation,,ne,ne,pro,cw,+,nw,n,1
Y,gamma16,zeta15,none,none,static,noRotation,,ne,ne,pro,cw,-,nw,w,1
Z,gamma2,eta1,none,none,static,noRotation,,nw,nw,anti,cw,+,ne,n,1
Z,gamma2,eta15,none,none,static,noRotation,,nw,nw,anti,cw,-,ne,w,1
Z,gamma4,eta9,none,none,static,noRotation,,ne,ne,anti,cw,+,se,n,1
Z,gamma4,zeta15,none,none,static,noRotation,,ne,ne,anti,cw,-,se,w,1
Z,gamma6,zeta9,none,none,static,noRotation,,se,se,anti,cw,+,sw,n,1
Z,gamma6,zeta7,none,none,static,noRotation,,se,se,anti,cw,-,sw,w,1
Z,gamma8,zeta1,none,none,static,noRotation,,sw,sw,anti,cw,+,nw,n,1
Z,gamma8,eta7,none,none,static,noRotation,,sw,sw,anti,cw,-,nw,w,1
Z,gamma10,zeta9,none,none,static,noRotation,,se,se,anti,ccw,+,ne,n,1
Z,gamma10,zeta7,none,none,static,noRotation,,se,se,anti,ccw,-,ne,w,1
Z,gamma12,zeta1,none,none,static,noRotation,,sw,sw,anti,ccw,+,se,n,1
Z,gamma12,eta7,none,none,static,noRotation,,sw,sw,anti,ccw,-,se,w,1
Z,gamma14,eta1,none,none,static,noRotation,,nw,nw,anti,ccw,+,sw,n,1
Z,gamma14,eta15,none,none,static,noRotation,,nw,nw,anti,ccw,-,sw,w,1
Z,gamma16,eta9,none,none,static,noRotation,,ne,ne,anti,ccw,+,nw,n,1
Z,gamma16,zeta15,none,none,static,noRotation,,ne,ne,anti,ccw,-,nw,w,1
Σ,alpha2,zeta1,none,none,static,noRotation,,sw,sw,pro,cw,+,ne,n,1
Σ,alpha2,eta7,none,none,static,noRotation,,sw,sw,pro,cw,-,ne,w,1
Σ,alpha4,eta1,none,none,static,noRotation,,nw,nw,pro,cw,+,se,n,1
Σ,alpha4,eta15,none,none,static,noRotation,,nw,nw,pro,cw,-,se,w,1
Σ,alpha6,eta9,none,none,static,noRotation,,ne,ne,pro,cw,+,sw,n,1
Σ,alpha6,zeta15,none,none,static,noRotation,,ne,ne,pro,cw,-,sw,w,1
Σ,alpha8,zeta9,none,none,static,noRotation,,se,se,pro,cw,+,nw,n,1
Σ,alpha8,zeta7,none,none,static,noRotation,,se,se,pro,cw,-,nw,w,1
Σ,alpha2,zeta1,none,none,static,noRotation,,sw,sw,pro,ccw,+,ne,n,1
Σ,alpha2,eta7,none,none,static,noRotation,,sw,sw,pro,ccw,-,ne,w,1
Σ,alpha4,eta1,none,none,static,noRotation,,nw,nw,pro,ccw,+,se,n,1
Σ,alpha4,eta15,none,none,static,noRotation,,nw,nw,pro,ccw,-,se,w,1
Σ,alpha6,eta9,none,none,static,noRotation,,ne,ne,pro,ccw,+,sw,n,1
Σ,alpha6,zeta15,none,none,static,noRotation,,ne,ne,pro,ccw,-,sw,w,1
Σ,alpha8,zeta9,none,none,static,noRotation,,se,se,pro,ccw,+,nw,n,1
Σ,alpha8,zeta7,none,none,static,noRotation,,se,se,pro,ccw,-,nw,w,1
Δ,alpha2,zeta1,none,none,static,noRotation,,sw,sw,anti,ccw,+,ne,n,1
Δ,alpha2,eta7,none,none,static,noRotation,,sw,sw,anti,ccw,-,ne,w,1
Δ,alpha4,eta1,none,none,static,noRotation,,nw,nw,anti,ccw,+,se,n,1
Δ,alpha4,eta15,none,none,static,noRotation,,nw,nw,anti,ccw,-,se,w,1
Δ,alpha6,eta9,none,none,static,noRotation,,ne,ne,anti,ccw,+,sw,n,1
Δ,alpha6,zeta15,none,none,static,noRotation,,ne,ne,anti,ccw,-,sw,w,1
Δ,alpha8,zeta9,none,none,static,noRotation,,se,se,anti,ccw,+,nw,n,1
Δ,alpha8,zeta7,none,none,static,noRotation,,se,se,anti,ccw,-,nw,w,1
Δ,alpha2,zeta1,none,none,static,noRotation,,sw,sw,anti,cw,+,ne,n,1
Δ,alpha2,eta7,none,none,static,noRotation,,sw,sw,anti,cw,-,ne,w,1
Δ,alpha4,eta1,none,none,static,noRotation,,nw,nw,anti,cw,+,se,n,1
Δ,alpha4,eta15,none,none,static,noRotation,,nw,nw,anti,cw,-,se,w,1
Δ,alpha6,eta9,none,none,static,noRotation,,ne,ne,anti,cw,+,sw,n,1
Δ,alpha6,zeta15,none,none,static,noRotation,,ne,ne,anti,cw,-,sw,w,1
Δ,alpha8,zeta9,none,none,static,noRotation,,se,se,anti,cw,+,nw,n,1
Δ,alpha8,zeta7,none,none,static,noRotation,,se,se,anti,cw,-,nw,w,1
Θ,beta2,eta9,none,none,static,noRotation,,ne,ne,pro,cw,+,ne,n,1
Θ,beta2,zeta15,none,none,static,noRotation,,ne,ne,pro,cw,-,ne,w,1
Θ,beta4,zeta9,none,none,static,noRotation,,se,se,pro,cw,+,se,n,1
Θ,beta4,zeta7,none,none,static,noRotation,,se,se,pro,cw,-,se,w,1
Θ,beta6,zeta1,none,none,static,noRotation,,sw,sw,pro,cw,+,sw,n,1
Θ,beta6,eta7,none,none,static,noRotation,,sw,sw,pro,cw,-,sw,w,1
Θ,beta8,eta1,none,none,static,noRotation,,nw,nw,pro,cw,+,nw,n,1
Θ,beta8,eta15,none,none,static,noRotation,,nw,nw,pro,cw,-,nw,w,1
Θ,beta2,eta9,none,none,static,noRotation,,ne,ne,pro,ccw,+,ne,n,1
Θ,beta2,zeta15,none,none,static,noRotation,,ne,ne,pro,ccw,-,ne,w,1
Θ,beta4,zeta9,none,none,static,noRotation,,se,se,pro,ccw,+,se,n,1
Θ,beta4,zeta7,none,none,static,noRotation,,se,se,pro,ccw,-,se,w,1
Θ,beta6,zeta1,none,none,static,noRotation,,sw,sw,pro,ccw,+,sw,n,1
Θ,beta6,eta7,none,none,static,noRotation,,sw,sw,pro,ccw,-,sw,w,1
Θ,beta8,eta1,none,none,static,noRotation,,nw,nw,pro,ccw,+,nw,n,1
Θ,beta8,eta15,none,none,static,noRotation,,nw,nw,pro,ccw,-,nw,w,1
Ω,beta2,eta9,none,none,static,noRotation,,ne,ne,anti,ccw,+,ne,n,1
Ω,beta2,zeta15,none,none,static,noRotation,,ne,ne,anti,ccw,-,ne,w,1
Ω,beta4,zeta9,none,none,static,noRotation,,se,se,anti,ccw,+,se,n,1
Ω,beta4,zeta7,none,none,static,noRotation,,se,se,anti,ccw,-,se,w,1
Ω,beta6,zeta1,none,none,static,noRotation,,sw,sw,anti,ccw,+,sw,n,1
Ω,beta6,eta7,none,none,static,noRotation,,sw,sw,anti,ccw,-,sw,w,1
Ω,beta8,eta1,none,none,static,noRotation,,nw,nw,anti,ccw,+,nw,n,1
Ω,beta8,eta15,none,none,static,noRotation,,nw,nw,anti,ccw,-,nw,w,1
Ω,beta2,eta9,none,none,static,noRotation,,ne,ne,anti,cw,+,ne,n,1
Ω,beta2,zeta15,none,none,static,noRotation,,ne,ne,anti,cw,-,ne,w,1
Ω,beta4,zeta9,none,none,static,noRotation,,se,se,anti,cw,+,se,n,1
Ω,beta4,zeta7,none,none,static,noRotation,,se,se,anti,cw,-,se,w,1
Ω,beta6,zeta1,none,none,static,noRotation,,sw,sw,anti,cw,+,sw,n,1
Ω,beta6,eta7,none,none,static,noRotation,,sw,sw,anti,cw,-,sw,w,1
Ω,beta8,eta1,none,none,static,noRotation,,nw,nw,anti,cw,+,nw,n,1
Ω,beta8,eta15,none,none,static,noRotation,,nw,nw,anti,cw,-,nw,w,1
W-,gamma2,zeta9,none,none,dash,noRotation,,nw,se,pro,ccw,+,ne,n,1
W-,gamma2,zeta7,none,none,dash,noRotation,,nw,se,pro,ccw,-,ne,w,1
W-,gamma4,zeta1,none,none,dash,noRotation,,ne,sw,pro,ccw,+,se,n,1
W-,gamma4,eta7,none,none,dash,noRotation,,ne,sw,pro,ccw,-,se,w,1
W-,gamma6,eta1,none,none,dash,noRotation,,se,nw,pro,ccw,+,sw,n,1
W-,gamma6,eta15,none,none,dash,noRotation,,se,nw,pro,ccw,-,sw,w,1
W-,gamma8,eta9,none,none,dash,noRotation,,sw,ne,pro,ccw,+,nw,n,1
W-,gamma8,zeta15,none,none,dash,noRotation,,sw,ne,pro,ccw,-,nw,w,1
W-,gamma10,eta1,none,none,dash,noRotation,,se,nw,pro,cw,+,ne,n,1
W-,gamma10,eta15,none,none,dash,noRotation,,se,nw,pro,cw,-,ne,w,1
W-,gamma12,eta9,none,none,dash,noRotation,,sw,ne,pro,cw,+,se,n,1
W-,gamma12,zeta15,none,none,dash,noRotation,,sw,ne,pro,cw,-,se,w,1
W-,gamma14,zeta9,none,none,dash,noRotation,,nw,se,pro,cw,+,sw,n,1
W-,gamma14,zeta7,none,none,dash,noRotation,,nw,se,pro,cw,-,sw,w,1
W-,gamma16,zeta1,none,none,dash,noRotation,,ne,sw,pro,cw,+,nw,n,1
W-,gamma16,eta7,none,none,dash,noRotation,,ne,sw,pro,cw,-,nw,w,1
X-,gamma2,zeta9,none,none,dash,noRotation,,nw,se,anti,cw,+,ne,n,1
X-,gamma2,zeta7,none,none,dash,noRotation,,nw,se,anti,cw,-,ne,w,1
X-,gamma4,zeta1,none,none,dash,noRotation,,ne,sw,anti,cw,+,se,n,1
X-,gamma4,eta7,none,none,dash,noRotation,,ne,sw,anti,cw,-,se,w,1
X-,gamma6,eta1,none,none,dash,noRotation,,se,nw,anti,cw,+,sw,n,1
X-,gamma6,eta15,none,none,dash,noRotation,,se,nw,anti,cw,-,sw,w,1
X-,gamma8,eta9,none,none,dash,noRotation,,sw,ne,anti,cw,+,nw,n,1
X-,gamma8,zeta15,none,none,dash,noRotation,,sw,ne,anti,cw,-,nw,w,1
X-,gamma10,eta1,none,none,dash,noRotation,,se,nw,anti,ccw,+,ne,n,1
X-,gamma10,eta15,none,none,dash,noRotation,,se,nw,anti,ccw,-,ne,w,1
X-,gamma12,eta9,none,none,dash,noRotation,,sw,ne,anti,ccw,+,se,n,1
X-,gamma12,zeta15,none,none,dash,noRotation,,sw,ne,anti,ccw,-,se,w,1
X-,gamma14,zeta9,none,none,dash,noRotation,,nw,se,anti,ccw,+,sw,n,1
X-,gamma14,zeta7,none,none,dash,noRotation,,nw,se,anti,ccw,-,sw,w,1
X-,gamma16,zeta1,none,none,dash,noRotation,,ne,sw,anti,ccw,+,nw,n,1
X-,gamma16,eta7,none,none,dash,noRotation,,ne,sw,anti,ccw,-,nw,w,1
Y-,gamma2,zeta9,none,none,dash,noRotation,,nw,se,pro,cw,+,ne,n,1
Y-,gamma2,zeta7,none,none,dash,noRotation,,nw,se,pro,cw,-,ne,w,1
Y-,gamma4,zeta1,none,none,dash,noRotation,,ne,sw,pro,cw,+,se,n,1
Y-,gamma4,eta7,none,none,dash,noRotation,,ne,sw,pro,cw,-,se,w,1
Y-,gamma6,eta1,none,none,dash,noRotation,,se,nw,pro,cw,+,sw,n,1
Y-,gamma6,eta15,none,none,dash,noRotation,,se,nw,pro,cw,-,sw,w,1
Y-,gamma8,eta9,none,none,dash,noRotation,,sw,ne,pro,cw,+,nw,n,1
Y-,gamma8,zeta15,none,none,dash,noRotation,,sw,ne,pro,cw,-,nw,w,1
Y-,gamma10,eta1,none,none,dash,noRotation,,se,nw,pro,ccw,+,ne,n,1
Y-,gamma10,eta15,none,none,dash,noRotation,,se,nw,pro,ccw,-,ne,w,1
Y-,gamma12,eta9,none,none,dash,noRotation,,sw,ne,pro,ccw,+,se,n,1
Y-,gamma12,zeta15,none,none,dash,noRotation,,sw,ne,pro,ccw,-,se,w,1
Y-,gamma14,zeta9,none,none,dash,noRotation,,nw,se,pro,ccw,+,sw,n,1
Y-,gamma14,zeta7,none,none,dash,noRotation,,nw,se,pro,ccw,-,sw,w,1
Y-,gamma16,zeta1,none,none,dash,noRotation,,ne,sw,pro,ccw,+,nw,n,1
Y-,gamma16,eta7,none,none,dash,noRotation,,ne,sw,pro,ccw,-,nw,w,1
Z-,gamma2,zeta9,none,none,dash,noRotation,,nw,se,anti,ccw,+,ne,n,1
Z-,gamma2,zeta7,none,none,dash,noRotation,,nw,se,anti,ccw,-,ne,w,1
Z-,gamma4,zeta1,none,none,dash,noRotation,,ne,sw,anti,ccw,+,se,n,1
Z-,gamma4,eta7,none,none,dash,noRotation,,ne,sw,anti,ccw,-,se,w,1
Z-,gamma6,eta1,none,none,dash,noRotation,,se,nw,anti,ccw,+,sw,n,1
Z-,gamma6,eta15,none,none,dash,noRotation,,se,nw,anti,ccw,-,sw,w,1
Z-,gamma8,eta9,none,none,dash,noRotation,,sw,ne,anti,ccw,+,nw,n,1
Z-,gamma8,zeta15,none,none,dash,noRotation,,sw,ne,anti,ccw,-,nw,w,1
Z-,gamma10,eta1,none,none,dash,noRotation,,se,nw,anti,cw,+,ne,n,1
Z-,gamma10,eta15,none,none,dash,noRotation,,se,nw,anti,cw,-,ne,w,1
Z-,gamma12,eta9,none,none,dash,noRotation,,sw,ne,anti,cw,+,se,n,1
Z-,gamma12,zeta15,none,none,dash,noRotation,,sw,ne,anti,cw,-,se,w,1
Z-,gamma14,zeta9,none,none,dash,noRotation,,nw,se,anti,cw,+,sw,n,1
Z-,gamma14,zeta7,none,none,dash,noRotation,,nw,se,anti,cw,-,sw,w,1
Z-,gamma16,zeta1,none,none,dash,noRotation,,ne,sw,anti,cw,+,nw,n,1
Z-,gamma16,eta7,none,none,dash,noRotation,,ne,sw,anti,cw,-,nw,w,1
Σ-,beta2,zeta1,none,none,dash,noRotation,,ne,sw,pro,cw,+,ne,n,1
Σ-,beta2,eta7,none,none,dash,noRotation,,ne,sw,pro,cw,-,ne,w,1
Σ-,beta4,eta1,none,none,dash,noRotation,,se,nw,pro,cw,+,se,n,1
Σ-,beta4,eta15,none,none,dash,noRotation,,se,nw,pro,cw,-,se,w,1
Σ-,beta6,eta9,none,none,dash,noRotation,,sw,ne,pro,cw,+,sw,n,1
Σ-,beta6,zeta15,none,none,dash,noRotation,,sw,ne,pro,cw,-,sw,w,1
Σ-,beta8,zeta9,none,none,dash,noRotation,,nw,se,pro,cw,+,nw,n,1
Σ-,beta8,zeta7,none,none,dash,noRotation,,nw,se,pro,cw,-,nw,w,1
Σ-,beta2,zeta1,none,none,dash,noRotation,,ne,sw,pro,ccw,+,ne,n,1
Σ-,beta2,eta7,none,none,dash,noRotation,,ne,sw,pro,ccw,-,ne,w,1
Σ-,beta4,eta1,none,none,dash,noRotation,,se,nw,pro,ccw,+,se,n,1
Σ-,beta4,eta15,none,none,dash,noRotation,,se,nw,pro,ccw,-,se,w,1
Σ-,beta6,eta9,none,none,dash,noRotation,,sw,ne,pro,ccw,+,sw,n,1
Σ-,beta6,zeta15,none,none,dash,noRotation,,sw,ne,pro,ccw,-,sw,w,1
Σ-,beta8,zeta9,none,none,dash,noRotation,,nw,se,pro,ccw,+,nw,n,1
Σ-,beta8,zeta7,none,none,dash,noRotation,,nw,se,pro,ccw,-,nw,w,1
Δ-,beta2,zeta1,none,none,dash,noRotation,,ne,sw,anti,ccw,+,ne,n,1
Δ-,beta2,eta7,none,none,dash,noRotation,,ne,sw,anti,ccw,-,ne,w,1
Δ-,beta4,eta1,none,none,dash,noRotation,,se,nw,anti,ccw,+,se,n,1
Δ-,beta4,eta15,none,none,dash,noRotation,,se,nw,anti,ccw,-,se,w,1
Δ-,beta6,eta9,none,none,dash,noRotation,,sw,ne,anti,ccw,+,sw,n,1
Δ-,beta6,zeta15,none,none,dash,noRotation,,sw,ne,anti,ccw,-,sw,w,1
Δ-,beta8,zeta9,none,none,dash,noRotation,,nw,se,anti,ccw,+,nw,n,1
Δ-,beta8,zeta7,none,none,dash,noRotation,,nw,se,anti,ccw,-,nw,w,1
Δ-,beta2,zeta1,none,none,dash,noRotation,,ne,sw,anti,cw,+,ne,n,1
Δ-,beta2,eta7,none,none,dash,noRotation,,ne,sw,anti,cw,-,ne,w,1
Δ-,beta4,eta1,none,none,dash,noRotation,,se,nw,anti,cw,+,se,n,1
Δ-,beta4,eta15,none,none,dash,noRotation,,se,nw,anti,cw,-,se,w,1
Δ-,beta6,eta9,none,none,dash,noRotation,,sw,ne,anti,cw,+,sw,n,1
Δ-,beta6,zeta15,none,none,dash,noRotation,,sw,ne,anti,cw,-,sw,w,1
Δ-,beta8,zeta9,none,none,dash,noRotation,,nw,se,anti,cw,+,nw,n,1
Δ-,beta8,zeta7,none,none,dash,noRotation,,nw,se,anti,cw,-,nw,w,1
Θ-,alpha2,eta9,none,none,dash,noRotation,,sw,ne,pro,cw,+,ne,n,1
Θ-,alpha2,zeta15,none,none,dash,noRotation,,sw,ne,pro,cw,-,ne,w,1
Θ-,alpha4,zeta9,none,none,dash,noRotation,,nw,se,pro,cw,+,se,n,1
Θ-,alpha4,zeta7,none,none,dash,noRotation,,nw,se,pro,cw,-,se,w,1
Θ-,alpha6,zeta1,none,none,dash,noRotation,,ne,sw,pro,cw,+,sw,n,1
Θ-,alpha6,eta7,none,none,dash,noRotation,,ne,sw,pro,cw,-,sw,w,1
Θ-,alpha8,eta1,none,none,dash,noRotation,,se,nw,pro,cw,+,nw,n,1
Θ-,alpha8,eta15,none,none,dash,noRotation,,se,nw,pro,cw,-,nw,w,1
Θ-,alpha2,eta9,none,none,dash,noRotation,,sw,ne,pro,ccw,+,ne,n,1
Θ-,alpha2,zeta15,none,none,dash,noRotation,,sw,ne,pro,ccw,-,ne,w,1
Θ-,alpha4,zeta9,none,none,dash,noRotation,,nw,se,pro,ccw,+,se,n,1
Θ-,alpha4,zeta7,none,none,dash,noRotation,,nw,se,pro,ccw,-,se,w,1
Θ-,alpha6,zeta1,none,none,dash,noRotation,,ne,sw,pro,ccw,+,sw,n,1
Θ-,alpha6,eta7,none,none,dash,noRotation,,ne,sw,pro,ccw,-,sw,w,1
Θ-,alpha8,eta1,none,none,dash,noRotation,,se,nw,pro,ccw,+,nw,n,1
Θ-,alpha8,eta15,none,none,dash,noRotation,,se,nw,pro,ccw,-,nw,w,1
Ω-,alpha2,eta9,none,none,dash,noRotation,,sw,ne,anti,ccw,+,ne,n,1
Ω-,alpha2,zeta15,none,none,dash,noRotation,,sw,ne,anti,ccw,-,ne,w,1
Ω-,alpha4,zeta9,none,none,dash,noRotation,,nw,se,anti,ccw,+,se,n,1
Ω-,alpha4,zeta7,none,none,dash,noRotation,,nw,se,anti,ccw,-,se,w,1
Ω-,alpha6,zeta1,none,none,dash,noRotation,,ne,sw,anti,ccw,+,sw,n,1
Ω-,alpha6,eta7,none,none,dash,noRotation,,ne,sw,anti,ccw,-,sw,w,1
Ω-,alpha8,eta1,none,none,dash,noRotation,,se,nw,anti,ccw,+,nw,n,1
Ω-,alpha8,eta15,none,none,dash,noRotation,,se,nw,anti,ccw,-,nw,w,1
Ω-,alpha2,eta9,none,none,dash,noRotation,,sw,ne,anti,cw,+,ne,n,1
Ω-,alpha2,zeta15,none,none,dash,noRotation,,sw,ne,anti,cw,-,ne,w,1
Ω-,alpha4,zeta9,none,none,dash,noRotation,,nw,se,anti,cw,+,se,n,1
Ω-,alpha4,zeta7,none,none,dash,noRotation,,nw,se,anti,cw,-,se,w,1
Ω-,alpha6,zeta1,none,none,dash,noRotation,,ne,sw,anti,cw,+,sw,n,1
Ω-,alpha6,eta7,none,none,dash,noRotation,,ne,sw,anti,cw,-,sw,w,1
Ω-,alpha8,eta1,none,none,dash,noRotation,,se,nw,anti,cw,+,nw,n,1
Ω-,alpha8,eta15,none,none,dash,noRotation,,se,nw,anti,cw,-,nw,w,1